knot	P1	sym	mmr	qi	e1	degAlex	genus	tau	signature
10_1	complete	True	True	True	2	1	1	0	0
10_10	complete	True	True	True	4	2	2	0	0
10_100	lower_bound	True	False	False	6	4	4	-2	4
10_101	lower_bound	True	True	True	4	2	2	2	-4
10_102	lower_bound	True	False	False	4	3	3	0	0
10_103	lower_bound	True	False	False	4	3	3	-1	2
10_104	lower_bound	True	False	False	6	4	4	0	0
10_105	lower_bound	True	False	False	4	3	3	1	-2
10_106	lower_bound	True	False	False	6	4	4	1	-2
10_107	lower_bound	True	False	False	4	3	3	0	0
10_108	lower_bound	True	False	False	4	3	3	1	-2
10_109	lower_bound	True	False	False	6	4	4	0	0
10_11	complete	True	True	True	4	2	2	1	-2
10_110	lower_bound	True	False	False	4	3	3	1	-2
10_111	lower_bound	True	False	False	4	3	3	2	-4
10_112	lower_bound	True	False	False	6	4	4	-1	2
10_113	lower_bound	True	False	False	4	3	3	1	-2
10_114	lower_bound	True	False	False	4	3	3	0	0
10_115	lower_bound	True	False	False	4	3	3	0	0
10_116	lower_bound	True	False	False	6	4	4	-1	2
10_117	lower_bound	True	False	False	4	3	3	-1	2
10_118	lower_bound	True	False	False	6	4	4	0	0
10_119	lower_bound	True	False	False	4	3	3	0	0
10_12	lower_bound	True	True	True	6	3	3	-1	2
10_120	lower_bound	True	True	True	4	2	2	2	-4
10_121	lower_bound	True	False	False	4	3	3	1	-2
10_122	lower_bound	True	False	False	4	3	3	0	0
10_123	lower_bound	True	False	False	6	4	4	0	0
10_124	lower_bound	True	False	False	6	4	4	4	-8
10_125	lower_bound	True	True	True	6	3	3	-1	2
10_126	lower_bound	True	True	True	6	3	3	-1	2
10_127	lower_bound	True	True	True	6	3	3	2	-4
10_128	lower_bound	True	True	True	6	3	3	3	-6
10_129	complete	True	True	True	4	2	2	0	0
10_13	complete	True	True	True	4	2	2	0	0
10_130	complete	True	True	True	4	2	2	0	0
10_131	complete	True	True	True	4	2	2	1	-2
10_132	complete	True	True	True	4	2	2	-1	0
10_133	complete	True	True	True	4	2	2	1	-2
10_134	lower_bound	True	True	True	6	3	3	3	-6
10_135	complete	True	True	True	4	2	2	0	0
10_136	complete	True	True	True	4	2	2	0	2
10_137	complete	True	True	True	4	2	2	0	0
10_138	lower_bound	True	True	True	6	3	3	1	-2
10_139	lower_bound	True	False	False	6	4	4	4	-6
10_14	lower_bound	True	True	True	6	3	3	2	-4
10_140	complete	True	True	True	4	2	2	0	0
10_141	lower_bound	True	True	True	6	3	3	0	0
10_142	lower_bound	True	True	True	6	3	3	3	-6
10_143	lower_bound	True	True	True	6	3	3	-1	2
10_144	complete	True	True	True	4	2	2	1	-2
10_145	complete	True	True	True	4	2	2	-2	2
10_146	complete	True	True	True	4	2	2	0	0
10_147	complete	True	True	True	4	2	2	1	-2
10_148	lower_bound	True	True	True	6	3	3	-1	2
10_149	lower_bound	True	True	True	6	3	3	2	-4
10_15	lower_bound	True	True	True	6	3	3	-1	2
10_150	lower_bound	True	True	True	6	3	3	2	-4
10_151	lower_bound	True	True	True	6	3	3	-1	2
10_152	lower_bound	True	False	False	6	4	4	4	-6
10_153	lower_bound	True	True	True	6	3	3	0	0
10_154	lower_bound	True	True	True	6	3	3	3	-4
10_155	lower_bound	True	True	True	6	3	3	0	0
10_156	lower_bound	True	False	False	4	3	3	-1	2
10_157	lower_bound	True	True	True	6	3	3	-2	4
10_158	lower_bound	True	False	False	4	3	3	0	0
10_159	lower_bound	True	True	True	6	3	3	1	-2
10_16	complete	True	True	True	4	2	2	1	-2
10_160	lower_bound	True	False	False	4	3	3	2	-4
10_161	lower_bound	True	True	True	6	3	3	3	-4
10_162	lower_bound	True	True	True	4	2	2	-1	2
10_163	lower_bound	True	False	False	4	3	3	1	-2
10_164	lower_bound	True	True	True	4	2	2	0	0
10_165	lower_bound	True	True	True	4	2	2	-1	2
10_17	lower_bound	True	False	False	6	4	4	0	0
10_18	complete	True	True	True	4	2	2	1	-2
10_19	lower_bound	True	True	True	6	3	3	1	-2
10_2	lower_bound	True	False	False	6	4	4	3	-6
10_20	complete	True	True	True	4	2	2	1	-2
10_21	lower_bound	True	True	True	6	3	3	2	-4
10_22	lower_bound	True	True	True	6	3	3	0	0
10_23	lower_bound	True	True	True	6	3	3	-1	2
10_24	complete	True	True	True	4	2	2	1	-2
10_25	lower_bound	True	True	True	6	3	3	2	-4
10_26	lower_bound	True	True	True	6	3	3	0	0
10_27	lower_bound	True	True	True	6	3	3	-1	2
10_28	complete	True	True	True	4	2	2	0	0
10_29	lower_bound	True	True	True	6	3	3	1	-2
10_3	complete	True	True	True	2	1	1	0	0
10_30	complete	True	True	True	4	2	2	1	-2
10_31	complete	True	True	True	4	2	2	0	0
10_32	lower_bound	True	True	True	6	3	3	0	0
10_33	complete	True	True	True	4	2	2	0	0
10_34	complete	True	True	True	4	2	2	0	0
10_35	complete	True	True	True	4	2	2	0	0
10_36	complete	True	True	True	4	2	2	1	-2
10_37	complete	True	True	True	4	2	2	0	0
10_38	complete	True	True	True	4	2	2	1	-2
10_39	lower_bound	True	True	True	6	3	3	2	-4
10_4	complete	True	True	True	4	2	2	-1	2
10_40	lower_bound	True	True	True	6	3	3	-1	2
10_41	lower_bound	True	True	True	6	3	3	1	-2
10_42	lower_bound	True	True	True	6	3	3	0	0
10_43	lower_bound	True	True	True	6	3	3	0	0
10_44	lower_bound	True	True	True	6	3	3	1	-2
10_45	lower_bound	True	True	True	6	3	3	0	0
10_46	lower_bound	True	False	False	6	4	4	3	-6
10_47	lower_bound	True	False	False	6	4	4	-2	4
10_48	lower_bound	True	False	False	6	4	4	0	0
10_49	lower_bound	True	True	True	6	3	3	3	-6
10_5	lower_bound	True	False	False	6	4	4	-2	4
10_50	lower_bound	True	True	True	6	3	3	2	-4
10_51	lower_bound	True	True	True	6	3	3	-1	2
10_52	lower_bound	True	True	True	6	3	3	1	-2
10_53	complete	True	True	True	4	2	2	2	-4
10_54	lower_bound	True	True	True	6	3	3	-1	2
10_55	complete	True	True	True	4	2	2	2	-4
10_56	lower_bound	True	True	True	6	3	3	2	-4
10_57	lower_bound	True	True	True	6	3	3	-1	2
10_58	complete	True	True	True	4	2	2	0	0
10_59	lower_bound	True	True	True	6	3	3	1	-2
10_6	lower_bound	True	True	True	6	3	3	2	-4
10_60	lower_bound	True	True	True	6	3	3	0	0
10_61	lower_bound	True	True	True	6	3	3	2	-4
10_62	lower_bound	True	False	False	6	4	4	-2	4
10_63	complete	True	True	True	4	2	2	2	-4
10_64	lower_bound	True	False	False	6	4	4	1	-2
10_65	lower_bound	True	True	True	6	3	3	-1	2
10_66	lower_bound	True	True	True	6	3	3	3	-6
10_67	complete	True	True	True	4	2	2	1	-2
10_68	complete	True	True	True	4	2	2	0	0
10_69	lower_bound	True	True	True	6	3	3	-1	2
10_7	complete	True	True	True	4	2	2	1	-2
10_70	lower_bound	True	True	True	6	3	3	-1	2
10_71	lower_bound	True	True	True	6	3	3	0	0
10_72	lower_bound	True	True	True	6	3	3	2	-4
10_73	lower_bound	True	True	True	6	3	3	-1	2
10_74	complete	True	True	True	4	2	2	1	-2
10_75	lower_bound	True	True	True	6	3	3	0	0
10_76	lower_bound	True	True	True	6	3	3	2	-4
10_77	lower_bound	True	True	True	6	3	3	-1	2
10_78	lower_bound	True	True	True	6	3	3	2	-4
10_79	lower_bound	True	False	False	6	4	4	0	0
10_8	lower_bound	True	True	True	6	3	3	2	-4
10_80	lower_bound	True	True	True	6	3	3	3	-6
10_81	lower_bound	True	True	True	6	3	3	0	0
10_82	lower_bound	True	False	False	6	4	4	1	-2
10_83	lower_bound	True	False	False	4	3	3	-1	2
10_84	lower_bound	True	False	False	4	3	3	1	-2
10_85	lower_bound	True	False	False	6	4	4	-2	4
10_86	lower_bound	True	False	False	4	3	3	0	0
10_87	lower_bound	True	False	False	4	3	3	0	0
10_88	lower_bound	True	False	False	4	3	3	0	0
10_89	lower_bound	True	False	False	4	3	3	-1	2
10_9	lower_bound	True	False	False	6	4	4	1	-2
10_90	lower_bound	True	False	False	4	3	3	0	0
10_91	lower_bound	True	False	False	6	4	4	0	0
10_92	lower_bound	True	False	False	4	3	3	2	-4
10_93	lower_bound	True	False	False	4	3	3	-1	2
10_94	lower_bound	True	False	False	6	4	4	1	-2
10_95	lower_bound	True	False	False	4	3	3	-1	2
10_96	lower_bound	True	False	False	4	3	3	0	0
10_97	lower_bound	True	True	True	4	2	2	1	-2
10_98	lower_bound	True	False	False	4	3	3	2	-4
10_99	lower_bound	True	False	False	6	4	4	0	0
11a_1	lower_bound	True	True	True	6	3	3	1	-2
11a_10	lower_bound	True	True	True	6	3	3	1	-2
11a_100	lower_bound	True	True	True	6	3	3	2	-4
11a_101	lower_bound	True	False	False	4	3	3	1	-2
11a_102	lower_bound	True	True	True	6	3	3	1	-2
11a_103	complete	True	True	True	4	2	2	0	0
11a_104	lower_bound	True	True	True	6	3	3	0	0
11a_105	lower_bound	True	True	True	6	3	3	2	-4
11a_106	lower_bound	True	False	False	6	4	4	0	0
11a_107	lower_bound	True	True	True	6	3	3	1	-2
11a_108	lower_bound	True	False	False	6	4	4	-1	2
11a_109	lower_bound	True	False	False	6	4	4	0	0
11a_11	lower_bound	True	True	True	6	3	3	0	0
11a_110	lower_bound	True	True	True	6	3	3	0	0
11a_111	lower_bound	True	True	True	6	3	3	1	-2
11a_112	lower_bound	True	False	False	4	4	4	0	0
11a_113	lower_bound	True	False	False	4	4	4	-2	4
11a_114	lower_bound	True	False	False	4	3	3	1	-2
11a_115	lower_bound	True	False	False	4	3	3	0	0
11a_116	lower_bound	True	False	False	4	3	3	2	-4
11a_117	lower_bound	True	True	True	6	3	3	2	-4
11a_118	lower_bound	True	True	True	6	3	3	1	-2
11a_119	complete	True	True	True	4	2	2	0	0
11a_12	lower_bound	True	True	True	6	3	3	1	-2
11a_120	lower_bound	True	True	True	6	3	3	-2	4
11a_121	lower_bound	True	True	True	6	3	3	-1	2
11a_122	lower_bound	True	False	False	4	3	3	-1	2
11a_123	lower_bound	True	True	True	4	2	2	2	-4
11a_124	lower_bound	True	False	False	4	3	3	3	-6
11a_125	lower_bound	True	False	False	4	4	4	1	-2
11a_126	lower_bound	True	False	False	4	4	4	0	0
11a_127	lower_bound	True	False	False	4	4	4	2	-4
11a_128	lower_bound	True	True	True	6	3	3	0	0
11a_129	lower_bound	True	False	False	4	4	4	-2	4
11a_13	complete	True	True	True	4	2	2	0	0
11a_130	lower_bound	True	False	False	4	3	3	-1	2
11a_131	lower_bound	True	False	False	4	4	4	-1	2
11a_132	lower_bound	True	False	False	4	3	3	1	-2
11a_133	complete	True	True	True	4	2	2	1	-2
11a_134	lower_bound	True	True	True	6	3	3	1	-2
11a_135	lower_bound	True	False	False	4	3	3	0	0
11a_136	lower_bound	True	False	False	4	3	3	-1	2
11a_137	lower_bound	True	False	False	4	3	3	-1	2
11a_138	lower_bound	True	False	False	4	3	3	0	0
11a_139	lower_bound	True	False	False	6	4	4	1	-2
11a_14	lower_bound	True	False	False	6	4	4	0	0
11a_140	lower_bound	True	True	True	6	3	3	2	-4
11a_141	lower_bound	True	False	False	4	3	3	-1	2
11a_142	lower_bound	True	False	False	6	4	4	-3	6
11a_143	lower_bound	True	True	True	6	3	3	-2	4
11a_144	lower_bound	True	True	True	6	3	3	-2	4
11a_145	complete	True	True	True	4	2	2	-1	2
11a_146	lower_bound	True	False	False	4	4	4	-1	2
11a_147	lower_bound	True	False	False	4	4	4	1	-2
11a_148	lower_bound	True	False	False	3	2	2	1	-2
11a_149	lower_bound	True	False	False	4	3	3	1	-2
11a_15	lower_bound	True	False	False	6	4	4	-1	2
11a_150	lower_bound	True	False	False	4	3	3	-2	4
11a_151	lower_bound	True	False	False	4	4	4	-1	2
11a_152	lower_bound	True	False	False	4	3	3	0	0
11a_153	lower_bound	True	True	True	6	3	3	0	0
11a_154	complete	True	True	True	4	2	2	1	-2
11a_155	lower_bound	True	False	False	4	3	3	-1	2
11a_156	lower_bound	True	False	False	6	4	4	-1	2
11a_157	lower_bound	True	False	False	4	4	4	-1	2
11a_158	lower_bound	True	False	False	4	4	4	-1	2
11a_159	lower_bound	True	True	True	6	3	3	1	-2
11a_16	lower_bound	True	True	True	6	3	3	0	0
11a_160	lower_bound	True	False	False	4	4	4	0	0
11a_161	lower_bound	True	True	True	6	3	3	-2	4
11a_162	lower_bound	True	False	False	4	4	4	-1	2
11a_163	lower_bound	True	False	False	4	4	4	1	-2
11a_164	lower_bound	True	False	False	4	4	4	0	0
11a_165	lower_bound	True	True	True	6	3	3	0	0
11a_166	complete	True	True	True	4	2	2	1	-2
11a_167	lower_bound	True	False	False	4	3	3	0	0
11a_168	lower_bound	True	False	False	4	3	3	0	0
11a_169	lower_bound	True	False	False	4	3	3	0	0
11a_17	lower_bound	True	True	True	6	3	3	1	-2
11a_170	lower_bound	True	False	False	4	4	4	0	0
11a_171	lower_bound	True	False	False	4	4	4	1	-2
11a_172	lower_bound	True	False	False	4	3	3	1	-2
11a_173	lower_bound	True	False	False	4	3	3	1	-2
11a_174	lower_bound	True	False	False	6	4	4	-1	2
11a_175	lower_bound	True	False	False	6	4	4	0	0
11a_176	lower_bound	True	False	False	6	4	4	1	-2
11a_177	lower_bound	True	False	False	6	4	4	2	-4
11a_178	lower_bound	True	True	True	6	3	3	1	-2
11a_179	lower_bound	True	False	False	6	4	4	2	-4
11a_18	lower_bound	True	True	True	6	3	3	1	-2
11a_180	lower_bound	True	False	False	6	4	4	0	0
11a_181	lower_bound	True	True	True	6	3	3	1	-2
11a_182	lower_bound	True	False	False	6	4	4	-2	4
11a_183	lower_bound	True	True	True	6	3	3	-1	2
11a_184	lower_bound	True	False	False	6	4	4	-1	2
11a_185	lower_bound	True	True	True	6	3	3	0	0
11a_186	lower_bound	True	True	True	6	3	3	3	-6
11a_187	lower_bound	True	True	True	6	3	3	0	0
11a_188	lower_bound	True	True	True	6	3	3	1	-2
11a_189	lower_bound	True	False	False	4	4	4	0	0
11a_19	lower_bound	True	False	False	4	4	4	1	-2
11a_190	lower_bound	True	True	True	6	3	3	0	0
11a_191	lower_bound	True	True	True	6	3	3	3	-6
11a_192	complete	True	True	True	4	2	2	2	-4
11a_193	lower_bound	True	True	True	6	3	3	-1	2
11a_194	lower_bound	True	False	False	6	4	4	-2	4
11a_195	complete	True	True	True	4	2	2	0	0
11a_196	lower_bound	True	False	False	4	4	4	-1	2
11a_197	lower_bound	True	False	False	4	3	3	1	-2
11a_198	lower_bound	True	True	True	6	3	3	1	-2
11a_199	lower_bound	True	True	True	6	3	3	-1	2
11a_2	lower_bound	True	True	True	6	3	3	2	-4
11a_20	lower_bound	True	True	True	6	3	3	2	-4
11a_200	complete	True	True	True	4	2	2	2	-4
11a_201	complete	True	True	True	4	2	2	0	0
11a_202	lower_bound	True	True	True	6	3	3	1	-2
11a_203	lower_bound	True	False	False	6	4	4	3	-6
11a_204	lower_bound	True	True	True	6	3	3	2	-4
11a_205	lower_bound	True	True	True	6	3	3	-1	2
11a_206	lower_bound	True	False	False	6	4	4	-3	6
11a_207	lower_bound	True	True	True	6	3	3	-2	4
11a_208	lower_bound	True	True	True	6	3	3	-2	4
11a_209	lower_bound	True	False	False	3	3	3	0	0
11a_21	complete	True	True	True	4	2	2	1	-2
11a_210	complete	True	True	True	4	2	2	0	0
11a_211	complete	True	True	True	4	2	2	-1	2
11a_212	lower_bound	True	False	False	4	3	3	2	-4
11a_213	lower_bound	True	False	False	4	3	3	2	-4
11a_214	complete	True	True	True	4	2	2	0	0
11a_215	lower_bound	True	False	False	4	4	4	2	-4
11a_216	lower_bound	True	False	False	4	4	4	1	-2
11a_217	lower_bound	True	False	False	4	4	4	-1	2
11a_218	lower_bound	True	False	False	3	3	3	-1	2
11a_219	complete	True	True	True	4	2	2	-1	2
11a_22	lower_bound	True	False	False	6	4	4	2	-4
11a_220	lower_bound	True	True	True	6	3	3	2	-4
11a_221	lower_bound	True	False	False	6	4	4	-1	2
11a_222	lower_bound	True	True	True	6	3	3	0	0
11a_223	lower_bound	True	False	False	6	4	4	3	-6
11a_224	lower_bound	True	True	True	6	3	3	2	-4
11a_225	lower_bound	True	True	True	6	3	3	-2	4
11a_226	complete	True	True	True	4	2	2	-1	2
11a_227	lower_bound	True	False	False	4	3	3	3	-6
11a_228	lower_bound	True	False	False	3	3	3	0	0
11a_229	complete	True	True	True	4	2	2	1	-2
11a_23	lower_bound	True	True	True	6	3	3	1	-2
11a_230	complete	True	True	True	4	2	2	1	-2
11a_231	lower_bound	True	False	False	6	4	4	-1	2
11a_232	lower_bound	True	False	False	4	4	4	-1	2
11a_233	lower_bound	True	False	False	4	4	4	0	0
11a_234	lower_bound	True	False	False	6	4	4	4	-8
11a_235	lower_bound	True	True	True	6	3	3	3	-6
11a_236	lower_bound	True	True	True	6	3	3	3	-6
11a_237	complete	True	True	True	4	2	2	2	-4
11a_238	complete	True	True	True	4	2	2	2	-4
11a_239	lower_bound	True	False	False	4	4	4	1	-2
11a_24	lower_bound	True	False	False	4	4	4	0	0
11a_240	lower_bound	True	False	False	6	4	4	4	-8
11a_241	lower_bound	True	True	True	6	3	3	3	-6
11a_242	lower_bound	True	True	True	6	3	3	3	-6
11a_243	complete	True	True	True	4	2	2	2	-4
11a_244	lower_bound	True	False	False	4	3	3	3	-6
11a_245	lower_bound	True	True	True	6	3	3	3	-6
11a_246	complete	True	True	True	4	2	2	2	-4
11a_247	complete	True	True	True	2	1	1	1	-2
11a_248	lower_bound	True	False	False	4	4	4	-1	2
11a_249	lower_bound	True	False	False	4	3	3	0	0
11a_25	lower_bound	True	False	False	4	4	4	1	-2
11a_250	lower_bound	True	False	False	6	4	4	2	-4
11a_251	lower_bound	True	False	False	4	4	4	0	0
11a_252	lower_bound	True	False	False	4	4	4	1	-2
11a_253	lower_bound	True	False	False	4	4	4	0	0
11a_254	lower_bound	True	False	False	4	4	4	1	-2
11a_255	lower_bound	True	False	False	4	4	4	-1	2
11a_256	lower_bound	True	False	False	4	3	3	0	0
11a_257	lower_bound	True	False	False	6	4	4	0	0
11a_258	lower_bound	True	True	True	6	3	3	1	-2
11a_259	lower_bound	True	False	False	6	4	4	3	-6
11a_26	lower_bound	True	False	False	4	4	4	0	0
11a_260	lower_bound	True	True	True	6	3	3	2	-4
11a_261	lower_bound	True	False	False	4	4	4	-2	4
11a_262	lower_bound	True	False	False	4	3	3	-1	2
11a_263	lower_bound	True	False	False	6	4	4	4	-8
11a_264	lower_bound	True	False	False	4	4	4	1	-2
11a_265	lower_bound	True	False	False	4	3	3	0	0
11a_266	lower_bound	True	False	False	4	4	4	0	0
11a_267	lower_bound	True	False	False	4	4	4	-1	2
11a_268	lower_bound	True	False	False	4	4	4	1	-2
11a_269	lower_bound	True	False	False	4	4	4	1	-2
11a_27	lower_bound	True	False	False	4	3	3	-1	2
11a_270	lower_bound	True	False	False	4	3	3	0	0
11a_271	lower_bound	True	False	False	4	3	3	1	-2
11a_272	lower_bound	True	False	False	4	3	3	0	0
11a_273	lower_bound	True	False	False	4	3	3	-1	2
11a_274	lower_bound	True	False	False	4	4	4	0	0
11a_275	lower_bound	True	False	False	4	3	3	2	-4
11a_276	lower_bound	True	False	False	4	3	3	2	-4
11a_277	lower_bound	True	False	False	4	4	4	1	-2
11a_278	lower_bound	True	False	False	4	3	3	0	0
11a_279	lower_bound	True	False	False	4	3	3	1	-2
11a_28	lower_bound	True	False	False	4	4	4	0	0
11a_280	lower_bound	True	False	False	3	2	2	0	0
11a_281	lower_bound	True	False	False	4	4	4	1	-2
11a_282	lower_bound	True	False	False	4	4	4	-1	2
11a_283	lower_bound	True	False	False	4	3	3	-1	2
11a_284	lower_bound	True	False	False	4	4	4	1	-2
11a_285	lower_bound	True	False	False	4	3	3	0	0
11a_286	lower_bound	True	False	False	4	4	4	1	-2
11a_287	lower_bound	True	False	False	4	4	4	0	0
11a_288	lower_bound	True	False	False	4	4	4	0	0
11a_289	lower_bound	True	False	False	4	4	4	0	0
11a_29	lower_bound	True	False	False	4	3	3	-1	2
11a_290	lower_bound	True	False	False	4	3	3	0	0
11a_291	lower_bound	True	False	False	4	3	3	3	-6
11a_292	lower_bound	True	True	True	4	2	2	2	-4
11a_293	lower_bound	True	False	False	4	4	4	-2	4
11a_294	lower_bound	True	False	False	4	3	3	-1	2
11a_295	lower_bound	True	False	False	4	3	3	-2	4
11a_296	lower_bound	True	False	False	3	2	2	-1	2
11a_297	lower_bound	True	False	False	4	3	3	-1	2
11a_298	lower_bound	True	False	False	4	3	3	3	-6
11a_299	lower_bound	True	True	True	4	2	2	2	-4
11a_3	lower_bound	True	False	False	6	4	4	-1	2
11a_30	lower_bound	True	False	False	4	3	3	0	0
11a_300	lower_bound	True	False	False	4	4	4	0	0
11a_301	lower_bound	True	False	False	4	4	4	-1	2
11a_302	lower_bound	True	False	False	4	4	4	-2	4
11a_303	lower_bound	True	False	False	4	3	3	0	0
11a_304	lower_bound	True	False	False	4	3	3	2	-4
11a_305	lower_bound	True	False	False	4	4	4	-1	2
11a_306	lower_bound	True	False	False	6	4	4	-2	4
11a_307	lower_bound	True	True	True	6	3	3	-1	2
11a_308	lower_bound	True	False	False	6	4	4	3	-6
11a_309	lower_bound	True	True	True	6	3	3	2	-4
11a_31	lower_bound	True	True	True	6	3	3	2	-4
11a_310	lower_bound	True	True	True	6	3	3	2	-4
11a_311	complete	True	True	True	4	2	2	1	-2
11a_312	lower_bound	True	False	False	4	3	3	-1	2
11a_313	lower_bound	True	False	False	3	2	2	0	0
11a_314	lower_bound	True	False	False	4	4	4	1	-2
11a_315	lower_bound	True	False	False	4	4	4	0	0
11a_316	lower_bound	True	False	False	4	4	4	0	0
11a_317	lower_bound	True	False	False	4	3	3	0	0
11a_318	lower_bound	True	False	False	4	3	3	3	-6
11a_319	lower_bound	True	False	False	4	3	3	3	-6
11a_32	lower_bound	True	True	True	6	3	3	1	-2
11a_320	lower_bound	True	True	True	4	2	2	2	-4
11a_321	lower_bound	True	False	False	4	3	3	-2	4
11a_322	lower_bound	True	False	False	4	3	3	-1	2
11a_323	lower_bound	True	False	False	4	3	3	-1	2
11a_324	lower_bound	True	False	False	3	2	2	-1	2
11a_325	lower_bound	True	False	False	3	2	2	-1	2
11a_326	lower_bound	True	False	False	4	4	4	0	0
11a_327	lower_bound	True	False	False	4	3	3	1	-2
11a_328	lower_bound	True	False	False	4	3	3	2	-4
11a_329	lower_bound	True	True	True	4	2	2	2	-4
11a_33	lower_bound	True	False	False	6	4	4	-1	2
11a_330	lower_bound	True	False	False	4	4	4	-2	4
11a_331	lower_bound	True	False	False	4	3	3	-1	2
11a_332	lower_bound	True	False	False	4	4	4	0	0
11a_333	complete	True	True	True	4	2	2	0	0
11a_334	lower_bound	True	False	False	6	4	4	4	-8
11a_335	lower_bound	True	True	True	6	3	3	3	-6
11a_336	lower_bound	True	True	True	6	3	3	3	-6
11a_337	complete	True	True	True	4	2	2	2	-4
11a_338	lower_bound	True	False	False	6	4	4	4	-8
11a_339	lower_bound	True	True	True	6	3	3	3	-6
11a_34	lower_bound	True	False	False	6	4	4	1	-2
11a_340	lower_bound	True	True	True	6	3	3	3	-6
11a_341	complete	True	True	True	4	2	2	2	-4
11a_342	complete	True	True	True	4	2	2	2	-4
11a_343	complete	True	True	True	2	1	1	1	-2
11a_344	lower_bound	True	False	False	4	3	3	2	-4
11a_345	lower_bound	True	False	False	3	2	2	1	-2
11a_346	lower_bound	True	False	False	4	4	4	2	-4
11a_347	lower_bound	True	False	False	4	3	3	1	-2
11a_348	lower_bound	True	False	False	4	4	4	2	-4
11a_349	lower_bound	True	False	False	4	3	3	1	-2
11a_35	lower_bound	True	False	False	6	4	4	0	0
11a_350	lower_bound	True	False	False	4	4	4	0	0
11a_351	lower_bound	True	False	False	4	4	4	0	0
11a_352	lower_bound	True	False	False	4	3	3	1	-2
11a_353	lower_bound	True	False	False	4	3	3	3	-6
11a_354	lower_bound	True	True	True	4	2	2	2	-4
11a_355	lower_bound	True	False	False	6	4	4	4	-8
11a_356	lower_bound	True	True	True	6	3	3	3	-6
11a_357	lower_bound	True	True	True	6	3	3	3	-6
11a_358	lower_bound	True	True	True	6	3	3	3	-6
11a_359	complete	True	True	True	4	2	2	2	-4
11a_36	lower_bound	True	True	True	6	3	3	0	0
11a_360	complete	True	True	True	4	2	2	2	-4
11a_361	complete	True	True	True	4	2	2	2	-4
11a_362	complete	True	True	True	2	1	1	1	-2
11a_363	complete	True	True	True	2	1	1	1	-2
11a_364	lower_bound	True	False	False	6	4	4	4	-8
11a_365	lower_bound	True	True	True	6	3	3	3	-6
11a_366	complete	True	True	True	4	2	2	2	-4
11a_367	lower_bound	True	False	False	6	5	5	5	-10
11a_37	lower_bound	True	True	True	6	3	3	0	0
11a_38	lower_bound	True	True	True	6	3	3	0	0
11a_39	lower_bound	True	True	True	6	3	3	0	0
11a_4	lower_bound	True	True	True	6	3	3	0	0
11a_40	lower_bound	True	False	False	6	4	4	2	-4
11a_41	lower_bound	True	True	True	6	3	3	1	-2
11a_42	lower_bound	True	True	True	6	3	3	1	-2
11a_43	lower_bound	True	True	True	6	3	3	3	-6
11a_44	lower_bound	True	False	False	6	4	4	0	0
11a_45	complete	True	True	True	4	2	2	1	-2
11a_46	lower_bound	True	True	True	6	3	3	1	-2
11a_47	lower_bound	True	False	False	6	4	4	0	0
11a_48	lower_bound	True	True	True	6	3	3	-2	4
11a_49	lower_bound	True	True	True	6	3	3	2	-4
11a_5	lower_bound	True	True	True	6	3	3	0	0
11a_50	complete	True	True	True	4	2	2	1	-2
11a_51	lower_bound	True	True	True	6	3	3	-1	2
11a_52	lower_bound	True	False	False	4	3	3	0	0
11a_53	lower_bound	True	False	False	4	4	4	-2	4
11a_54	lower_bound	True	False	False	4	3	3	-1	2
11a_55	lower_bound	True	False	False	6	4	4	-1	2
11a_56	lower_bound	True	True	True	6	3	3	0	0
11a_57	lower_bound	True	False	False	6	4	4	-1	2
11a_58	lower_bound	True	True	True	6	3	3	0	0
11a_59	complete	True	True	True	4	2	2	1	-2
11a_6	lower_bound	True	True	True	6	3	3	1	-2
11a_60	lower_bound	True	True	True	6	3	3	2	-4
11a_61	complete	True	True	True	4	2	2	1	-2
11a_62	lower_bound	True	False	False	6	4	4	-3	6
11a_63	lower_bound	True	True	True	6	3	3	-2	4
11a_64	lower_bound	True	True	True	6	3	3	-2	4
11a_65	complete	True	True	True	4	2	2	-1	2
11a_66	lower_bound	True	False	False	4	4	4	-1	2
11a_67	lower_bound	True	False	False	4	3	3	0	0
11a_68	lower_bound	True	False	False	4	4	4	1	-2
11a_69	lower_bound	True	False	False	4	3	3	0	0
11a_7	lower_bound	True	False	False	6	4	4	-1	2
11a_70	lower_bound	True	False	False	4	3	3	1	-2
11a_71	lower_bound	True	False	False	4	4	4	1	-2
11a_72	lower_bound	True	False	False	4	4	4	0	0
11a_73	lower_bound	True	False	False	4	4	4	0	0
11a_74	lower_bound	True	False	False	6	4	4	2	-4
11a_75	lower_bound	True	True	True	6	3	3	1	-2
11a_76	lower_bound	True	False	False	4	4	4	0	0
11a_77	lower_bound	True	True	True	6	3	3	-1	2
11a_78	lower_bound	True	True	True	6	3	3	1	-2
11a_79	lower_bound	True	False	False	4	4	4	-1	2
11a_8	lower_bound	True	True	True	6	3	3	0	0
11a_80	lower_bound	True	False	False	4	4	4	0	0
11a_81	lower_bound	True	False	False	4	4	4	1	-2
11a_82	lower_bound	True	False	False	6	4	4	-1	2
11a_83	lower_bound	True	False	False	6	4	4	2	-4
11a_84	lower_bound	True	True	True	6	3	3	0	0
11a_85	lower_bound	True	True	True	6	3	3	1	-2
11a_86	lower_bound	True	False	False	6	4	4	1	-2
11a_87	lower_bound	True	True	True	6	3	3	0	0
11a_88	lower_bound	True	False	False	6	4	4	0	0
11a_89	lower_bound	True	True	True	6	3	3	1	-2
11a_9	lower_bound	True	False	False	6	4	4	2	-4
11a_90	lower_bound	True	True	True	6	3	3	-1	2
11a_91	lower_bound	True	True	True	6	3	3	0	0
11a_92	lower_bound	True	False	False	6	4	4	-1	2
11a_93	lower_bound	True	True	True	6	3	3	0	0
11a_94	lower_bound	True	True	True	6	3	3	3	-6
11a_95	complete	True	True	True	4	2	2	2	-4
11a_96	lower_bound	True	True	True	6	3	3	0	0
11a_97	lower_bound	True	True	True	6	3	3	1	-2
11a_98	complete	True	True	True	4	2	2	0	0
11a_99	lower_bound	True	False	False	4	4	4	1	-2
11n_1	complete	True	True	True	4	2	2	-1	2
11n_10	lower_bound	True	True	True	6	3	3	-2	4
11n_100	complete	True	True	True	4	2	2	0	0
11n_101	complete	True	True	True	4	2	2	-1	2
11n_102	complete	True	True	True	4	2	2	-1	2
11n_103	lower_bound	True	True	True	6	3	3	-2	4
11n_104	lower_bound	True	False	False	6	4	4	3	-6
11n_105	lower_bound	True	True	True	6	3	3	2	-4
11n_106	lower_bound	True	True	True	6	3	3	-1	2
11n_107	lower_bound	True	False	False	6	4	4	2	-4
11n_108	lower_bound	True	False	False	4	3	3	-2	4
11n_109	lower_bound	True	False	False	4	3	3	-2	4
11n_11	lower_bound	True	True	True	6	3	3	1	-2
11n_110	lower_bound	True	False	False	4	3	3	0	0
11n_111	lower_bound	True	False	False	4	3	3	1	-2
11n_112	lower_bound	True	False	False	4	3	3	1	-2
11n_113	lower_bound	True	True	True	4	2	2	-1	2
11n_114	lower_bound	True	True	True	4	2	2	0	0
11n_115	lower_bound	True	False	False	4	3	3	0	0
11n_116	lower_bound	True	True	True	4	2	2	0	0
11n_117	lower_bound	True	True	True	4	2	2	1	-2
11n_118	lower_bound	True	False	False	4	3	3	2	-4
11n_119	lower_bound	True	False	False	4	3	3	0	0
11n_12	complete	True	True	True	4	2	2	1	0
11n_120	lower_bound	True	False	False	4	4	4	1	-2
11n_121	lower_bound	True	False	False	4	3	3	-2	4
11n_122	complete	True	True	True	4	2	2	-1	2
11n_123	lower_bound	True	True	True	4	2	2	0	0
11n_124	lower_bound	True	False	False	4	3	3	1	-2
11n_125	lower_bound	True	False	False	4	3	3	1	-2
11n_126	lower_bound	True	False	False	4	3	3	3	-6
11n_127	lower_bound	True	False	False	4	3	3	-1	2
11n_128	lower_bound	True	False	False	4	3	3	1	-2
11n_129	lower_bound	True	False	False	4	3	3	-1	2
11n_13	lower_bound	True	False	False	6	4	4	3	-6
11n_130	lower_bound	True	False	False	4	3	3	0	0
11n_131	lower_bound	True	False	False	4	3	3	-1	2
11n_132	lower_bound	True	True	True	4	2	2	0	0
11n_133	lower_bound	True	False	False	4	4	4	2	-4
11n_134	lower_bound	True	True	True	4	2	2	-1	2
11n_135	lower_bound	True	False	False	4	3	3	2	-4
11n_136	lower_bound	True	False	False	4	3	3	3	-6
11n_137	lower_bound	True	True	True	6	3	3	-2	4
11n_138	complete	True	True	True	4	2	2	0	-2
11n_139	complete	True	True	True	2	1	1	0	0
11n_14	lower_bound	True	True	True	6	3	3	-2	4
11n_140	complete	True	True	True	4	2	2	-1	2
11n_141	complete	True	True	True	2	1	1	0	0
11n_142	lower_bound	True	True	True	4	2	2	0	0
11n_143	lower_bound	True	False	False	4	3	3	0	0
11n_144	lower_bound	True	False	False	4	3	3	2	-4
11n_145	lower_bound	True	False	False	4	3	3	0	0
11n_146	lower_bound	True	False	False	4	3	3	1	-2
11n_147	lower_bound	True	False	False	4	4	4	2	-4
11n_148	lower_bound	True	False	False	4	4	4	1	-2
11n_149	lower_bound	True	False	False	4	4	4	2	-4
11n_15	lower_bound	True	True	True	6	3	3	1	-2
11n_150	lower_bound	True	False	False	4	3	3	1	-2
11n_151	lower_bound	True	True	True	4	2	2	1	-2
11n_152	lower_bound	True	True	True	4	2	3	1	-2
11n_153	lower_bound	True	False	False	4	4	4	0	0
11n_154	lower_bound	True	False	False	4	3	3	1	-2
11n_155	lower_bound	True	False	False	4	3	3	1	-2
11n_156	lower_bound	True	False	False	4	3	3	0	0
11n_157	lower_bound	True	False	False	4	3	3	0	0
11n_158	lower_bound	True	False	False	4	4	4	2	-4
11n_159	lower_bound	True	False	False	4	3	3	-1	2
11n_16	lower_bound	True	True	True	6	3	3	2	-4
11n_160	lower_bound	True	False	False	4	3	3	1	-2
11n_161	lower_bound	True	False	False	4	3	3	1	-2
11n_162	lower_bound	True	True	True	4	2	2	1	-2
11n_163	lower_bound	True	False	False	4	3	3	1	-2
11n_164	lower_bound	True	False	False	4	3	3	2	-4
11n_165	lower_bound	True	False	False	4	3	3	0	0
11n_166	lower_bound	True	False	False	4	4	4	1	-2
11n_167	lower_bound	True	False	False	4	3	3	1	-2
11n_168	lower_bound	True	False	False	4	3	3	1	-2
11n_169	lower_bound	True	False	False	4	3	3	3	-6
11n_17	complete	True	True	True	4	2	2	-1	2
11n_170	lower_bound	True	True	True	4	2	2	-1	2
11n_171	lower_bound	True	True	True	4	2	2	2	-4
11n_172	lower_bound	True	False	False	4	3	3	0	0
11n_173	lower_bound	True	False	False	4	4	4	2	-4
11n_174	lower_bound	True	False	False	4	3	3	2	-4
11n_175	lower_bound	True	False	False	4	3	3	2	-4
11n_176	lower_bound	True	False	False	4	3	3	-1	2
11n_177	lower_bound	True	False	False	4	4	4	1	-2
11n_178	lower_bound	True	False	False	4	3	3	1	-2
11n_179	lower_bound	True	False	False	4	3	3	0	0
11n_18	complete	True	True	True	4	2	2	0	0
11n_180	lower_bound	True	False	False	4	3	3	3	-6
11n_181	lower_bound	True	True	True	4	2	2	2	-4
11n_182	lower_bound	True	False	False	4	4	4	0	0
11n_183	lower_bound	True	False	False	4	3	3	3	-4
11n_184	lower_bound	True	False	False	4	3	3	1	-2
11n_185	lower_bound	True	False	False	4	3	3	2	-4
11n_19	lower_bound	True	True	True	6	3	3	-1	4
11n_2	lower_bound	True	True	True	6	3	3	2	-4
11n_20	complete	True	True	True	4	2	2	0	2
11n_21	lower_bound	True	True	True	6	3	3	0	0
11n_22	lower_bound	True	True	True	6	3	3	1	-2
11n_23	lower_bound	True	False	False	6	4	4	2	-4
11n_24	lower_bound	True	True	True	6	3	3	0	-2
11n_25	lower_bound	True	True	True	6	3	3	1	-2
11n_26	lower_bound	True	True	True	6	3	3	0	0
11n_27	lower_bound	True	False	False	6	4	4	3	-6
11n_28	complete	True	True	True	4	2	2	0	0
11n_29	complete	True	True	True	4	2	2	1	-2
11n_3	complete	True	True	True	4	2	2	-1	2
11n_30	lower_bound	True	True	True	6	3	3	2	-4
11n_31	lower_bound	True	True	True	6	3	3	2	-2
11n_32	lower_bound	True	True	True	6	3	3	0	0
11n_33	lower_bound	True	True	True	6	3	3	1	-2
11n_34	complete	True	True	True	3	0	3	0	0
11n_35	lower_bound	True	False	False	4	3	3	2	-4
11n_36	lower_bound	True	False	False	4	4	4	1	-2
11n_37	lower_bound	True	True	True	6	3	3	0	0
11n_38	complete	True	True	True	4	2	2	0	-2
11n_39	lower_bound	True	True	True	4	2	2	0	0
11n_4	lower_bound	True	True	True	6	3	3	0	0
11n_40	lower_bound	True	False	False	4	3	3	1	-2
11n_41	lower_bound	True	False	False	4	4	4	2	-4
11n_42	complete	True	True	True	3	0	2	0	0
11n_43	lower_bound	True	False	False	4	3	3	2	-4
11n_44	lower_bound	True	False	False	4	4	4	1	-2
11n_45	lower_bound	True	True	True	4	2	3	0	0
11n_46	lower_bound	True	False	False	4	3	3	1	-2
11n_47	lower_bound	True	False	False	4	4	4	2	-4
11n_48	lower_bound	True	True	True	6	3	3	0	0
11n_49	complete	True	True	True	4	2	2	0	0
11n_5	lower_bound	True	True	True	6	3	3	1	-2
11n_50	complete	True	True	True	4	2	2	0	0
11n_51	lower_bound	True	True	True	6	3	3	0	0
11n_52	lower_bound	True	True	True	6	3	3	1	-2
11n_53	lower_bound	True	True	True	6	3	3	0	0
11n_54	lower_bound	True	True	True	6	3	3	1	-2
11n_55	lower_bound	True	True	True	6	3	3	0	0
11n_56	lower_bound	True	True	True	6	3	3	1	-2
11n_57	lower_bound	True	False	False	6	4	4	3	-6
11n_58	lower_bound	True	True	True	6	3	3	-1	2
11n_59	lower_bound	True	True	True	6	3	3	2	-4
11n_6	lower_bound	True	True	True	6	3	3	0	0
11n_60	lower_bound	True	False	False	6	4	4	1	-2
11n_61	lower_bound	True	False	False	6	4	4	2	-4
11n_62	complete	True	True	True	4	2	2	0	0
11n_63	complete	True	True	True	4	2	2	1	-2
11n_64	lower_bound	True	True	True	6	3	3	2	-4
11n_65	complete	True	True	True	4	2	2	0	0
11n_66	lower_bound	True	True	True	6	3	3	1	-2
11n_67	complete	True	True	True	3	1	2	0	0
11n_68	complete	True	True	True	4	2	2	1	-2
11n_69	lower_bound	True	True	True	6	3	3	2	-4
11n_7	lower_bound	True	True	True	6	3	3	1	-2
11n_70	lower_bound	True	True	True	6	3	3	1	-4
11n_71	lower_bound	True	True	True	6	3	3	1	-2
11n_72	lower_bound	True	True	True	6	3	3	2	-4
11n_73	complete	True	True	True	4	2	3	0	0
11n_74	complete	True	True	True	4	2	2	0	0
11n_75	lower_bound	True	True	True	6	3	3	-1	2
11n_76	lower_bound	True	False	False	6	4	4	-2	4
11n_77	lower_bound	True	False	False	6	4	4	4	-6
11n_78	lower_bound	True	False	False	6	4	4	2	-4
11n_79	complete	True	True	True	4	2	2	0	-2
11n_8	lower_bound	True	True	True	6	3	3	-2	4
11n_80	lower_bound	True	True	True	6	3	3	-1	2
11n_81	lower_bound	True	False	False	6	4	4	3	-6
11n_82	lower_bound	True	True	True	6	3	3	1	-2
11n_83	complete	True	True	True	4	2	2	0	0
11n_84	complete	True	True	True	4	2	2	-1	2
11n_85	lower_bound	True	True	True	6	3	3	0	0
11n_86	lower_bound	True	False	False	4	3	3	0	0
11n_87	lower_bound	True	True	True	6	3	3	-1	2
11n_88	lower_bound	True	False	False	6	4	4	3	-6
11n_89	lower_bound	True	True	True	6	3	3	-2	4
11n_9	lower_bound	True	False	False	6	4	4	3	-4
11n_90	lower_bound	True	True	True	6	3	3	2	-4
11n_91	complete	True	True	True	4	2	2	-1	2
11n_92	lower_bound	True	False	False	4	3	3	0	2
11n_93	lower_bound	True	False	False	4	3	3	3	-6
11n_94	lower_bound	True	False	False	4	3	3	0	0
11n_95	lower_bound	True	False	False	4	3	3	2	-4
11n_96	lower_bound	True	False	False	4	3	3	0	-2
11n_97	complete	True	True	True	3	1	2	0	0
11n_98	lower_bound	True	True	True	6	3	3	0	0
11n_99	complete	True	True	True	4	2	2	-1	2
12a_1	lower_bound	True	False	False	6	4	4	0	0
12a_10	lower_bound	True	True	True	6	3	3	1	-2
12a_100	lower_bound	True	False	False	3	3	3	0	0
12a_1000	lower_bound	True	False	False	4	4	4	0	0
12a_1001	lower_bound	True	False	False	4	3	3	0	0
12a_1002	lower_bound	True	False	False	6	5	5	-1	2
12a_1003	lower_bound	True	False	False	4	4	4	-2	4
12a_1004	lower_bound	True	False	False	4	3	3	3	-6
12a_1005	lower_bound	True	False	False	4	4	4	0	0
12a_1006	lower_bound	True	False	False	4	4	4	0	0
12a_1007	lower_bound	True	False	False	4	4	4	-1	2
12a_1008	lower_bound	True	False	False	4	3	3	0	0
12a_1009	lower_bound	True	False	False	4	4	4	2	-4
12a_101	lower_bound	True	False	False	4	4	4	0	0
12a_1010	lower_bound	True	False	False	4	3	3	1	-2
12a_1011	lower_bound	True	False	False	6	5	5	0	0
12a_1012	lower_bound	True	False	False	4	4	4	1	-2
12a_1013	lower_bound	True	False	False	6	5	5	1	-2
12a_1014	lower_bound	True	False	False	4	4	4	0	0
12a_1015	lower_bound	True	False	False	4	4	4	-1	2
12a_1016	lower_bound	True	False	False	4	3	3	0	0
12a_1017	lower_bound	True	False	False	4	4	4	2	-4
12a_1018	lower_bound	True	False	False	4	3	3	1	-2
12a_1019	lower_bound	True	False	False	4	4	4	0	0
12a_102	lower_bound	True	False	False	4	3	3	3	-6
12a_1020	lower_bound	True	False	False	4	4	4	1	-2
12a_1021	lower_bound	True	False	False	4	4	4	1	-2
12a_1023	lower_bound	True	False	False	6	4	4	1	-2
12a_1024	lower_bound	True	True	True	6	3	3	0	0
12a_1025	lower_bound	True	False	False	4	4	4	-1	2
12a_1026	lower_bound	True	False	False	4	3	3	0	0
12a_1027	lower_bound	True	False	False	6	5	5	-1	2
12a_1028	lower_bound	True	False	False	6	4	4	0	0
12a_1029	lower_bound	True	False	False	6	4	4	0	0
12a_103	lower_bound	True	True	True	6	3	3	1	-2
12a_1030	lower_bound	True	True	True	6	3	3	1	-2
12a_1031	lower_bound	True	False	False	6	4	4	-2	4
12a_1032	lower_bound	True	True	True	6	3	3	-1	2
12a_1033	lower_bound	True	True	True	6	3	3	-1	2
12a_1034	complete	True	True	True	4	2	2	0	0
12a_1035	lower_bound	True	False	False	4	3	3	3	-6
12a_1036	lower_bound	True	False	False	4	4	4	3	-6
12a_1038	lower_bound	True	False	False	4	3	3	2	-4
12a_1039	lower_bound	True	False	False	6	4	4	0	0
12a_104	lower_bound	True	True	True	6	3	3	-1	2
12a_1040	lower_bound	True	True	True	6	3	3	-1	2
12a_1041	lower_bound	True	False	False	4	4	4	2	-4
12a_1042	lower_bound	True	False	False	4	4	4	0	0
12a_1043	lower_bound	True	False	False	4	3	3	1	-2
12a_1044	lower_bound	True	False	False	4	3	3	1	-2
12a_1045	lower_bound	True	False	False	4	4	4	2	-4
12a_1047	lower_bound	True	False	False	6	5	5	-1	2
12a_1048	lower_bound	True	False	False	4	4	4	0	0
12a_1049	lower_bound	True	False	False	4	4	4	-1	2
12a_105	lower_bound	True	False	False	6	4	4	3	-6
12a_1050	lower_bound	True	False	False	4	4	4	0	0
12a_1051	lower_bound	True	False	False	6	5	5	2	-4
12a_1052	lower_bound	True	False	False	4	4	4	1	-2
12a_1053	lower_bound	True	False	False	4	4	4	0	0
12a_1054	lower_bound	True	False	False	4	4	4	-1	2
12a_1056	lower_bound	True	False	False	4	4	4	1	-2
12a_1059	lower_bound	True	False	False	4	4	4	3	-6
12a_106	lower_bound	True	True	True	6	3	3	2	-4
12a_1060	lower_bound	True	False	False	4	4	4	1	-2
12a_1061	lower_bound	True	False	False	4	4	4	1	-2
12a_1062	lower_bound	True	False	False	4	3	3	2	-4
12a_1063	lower_bound	True	False	False	4	3	3	0	0
12a_1064	lower_bound	True	False	False	4	4	4	1	-2
12a_1065	lower_bound	True	False	False	4	4	4	0	0
12a_1066	lower_bound	True	False	False	4	4	4	1	-2
12a_1067	lower_bound	True	False	False	4	4	4	1	-2
12a_1068	lower_bound	True	False	False	4	3	3	0	0
12a_107	lower_bound	True	False	False	4	3	3	3	-6
12a_1070	lower_bound	True	False	False	4	4	4	1	-2
12a_1071	lower_bound	True	False	False	4	4	4	1	-2
12a_1072	lower_bound	True	False	False	4	4	4	-2	4
12a_1073	lower_bound	True	False	False	4	3	3	2	-4
12a_1074	lower_bound	True	False	False	4	4	4	2	-4
12a_1075	lower_bound	True	False	False	4	3	3	0	0
12a_1076	lower_bound	True	False	False	4	4	4	0	0
12a_1077	lower_bound	True	False	False	4	3	3	-1	2
12a_1078	lower_bound	True	False	False	4	4	4	0	0
12a_1079	lower_bound	True	False	False	4	4	4	1	-2
12a_108	lower_bound	True	False	False	4	4	4	1	-2
12a_1080	lower_bound	True	False	False	4	4	4	2	-4
12a_1081	lower_bound	True	False	False	4	4	4	0	0
12a_1082	lower_bound	True	False	False	4	4	4	2	-4
12a_1083	lower_bound	True	False	False	4	4	4	0	0
12a_1084	lower_bound	True	False	False	4	4	4	2	-4
12a_1086	lower_bound	True	False	False	4	3	3	-1	2
12a_1087	lower_bound	True	False	False	4	4	4	0	0
12a_1088	lower_bound	True	False	False	4	4	4	0	0
12a_1089	lower_bound	True	False	False	4	4	4	2	-4
12a_109	lower_bound	True	True	True	6	3	3	0	0
12a_1091	lower_bound	True	False	False	4	4	4	0	0
12a_1092	lower_bound	True	False	False	4	4	4	1	-2
12a_1093	lower_bound	True	False	False	4	4	4	1	-2
12a_1095	lower_bound	True	False	False	4	3	3	-1	2
12a_1096	lower_bound	True	False	False	4	4	4	-1	2
12a_1098	lower_bound	True	False	False	4	3	3	2	-4
12a_1099	lower_bound	True	False	False	4	4	4	-2	4
12a_11	lower_bound	True	False	False	6	4	4	-2	4
12a_110	lower_bound	True	True	True	6	3	3	2	-4
12a_1100	lower_bound	True	False	False	4	4	4	0	0
12a_1101	lower_bound	True	False	False	4	4	4	-2	4
12a_1102	lower_bound	True	False	False	4	4	4	0	0
12a_1103	lower_bound	True	False	False	4	3	3	-1	2
12a_1104	lower_bound	True	False	False	4	4	4	-1	2
12a_1105	lower_bound	True	False	False	4	4	4	0	0
12a_1107	lower_bound	True	False	False	4	4	4	-2	4
12a_1108	lower_bound	True	False	False	4	3	3	-1	2
12a_1109	lower_bound	True	False	False	4	4	4	1	-2
12a_111	lower_bound	True	False	False	4	4	4	2	-4
12a_1110	lower_bound	True	False	False	4	3	3	1	-2
12a_1111	lower_bound	True	False	False	4	4	4	-1	2
12a_1112	lower_bound	True	False	False	4	3	3	3	-6
12a_1114	lower_bound	True	False	False	6	5	5	-3	6
12a_1115	lower_bound	True	False	False	4	4	4	-2	4
12a_1116	lower_bound	True	False	False	4	4	4	-2	4
12a_1118	lower_bound	True	False	False	4	3	3	-1	2
12a_1119	lower_bound	True	False	False	4	4	4	0	0
12a_112	lower_bound	True	False	False	6	4	4	-1	2
12a_1120	lower_bound	True	False	False	6	5	5	-1	2
12a_1121	lower_bound	True	False	False	4	4	4	0	0
12a_1122	lower_bound	True	False	False	4	4	4	0	0
12a_1123	lower_bound	True	False	False	4	4	4	0	0
12a_1125	lower_bound	True	True	True	6	3	3	2	-4
12a_1126	complete	True	True	True	4	2	2	1	-2
12a_1127	complete	True	True	True	4	2	2	0	0
12a_1128	lower_bound	True	False	False	6	5	5	-1	2
12a_1129	lower_bound	True	False	False	6	4	4	0	0
12a_113	lower_bound	True	False	False	6	4	4	1	-2
12a_1130	lower_bound	True	False	False	6	4	4	0	0
12a_1131	lower_bound	True	False	False	6	4	4	-2	4
12a_1132	lower_bound	True	True	True	6	3	3	-1	2
12a_1133	lower_bound	True	True	True	6	3	3	-1	2
12a_1134	lower_bound	True	False	False	6	5	5	2	-4
12a_1135	lower_bound	True	False	False	6	4	4	1	-2
12a_1136	lower_bound	True	False	False	6	4	4	1	-2
12a_1137	lower_bound	True	True	True	6	3	3	0	0
12a_1138	lower_bound	True	True	True	6	3	3	1	-2
12a_1139	complete	True	True	True	4	2	2	0	0
12a_114	lower_bound	True	True	True	6	3	3	2	-4
12a_1140	lower_bound	True	True	True	6	3	3	0	0
12a_1141	lower_bound	True	False	False	4	4	4	1	-2
12a_1142	lower_bound	True	True	True	6	3	3	1	-2
12a_1144	complete	True	True	True	4	2	2	0	0
12a_1145	lower_bound	True	False	False	6	4	4	1	-2
12a_1146	lower_bound	True	True	True	6	3	3	0	0
12a_1147	lower_bound	True	False	False	6	4	4	1	-2
12a_1148	lower_bound	True	True	True	6	3	3	0	0
12a_1149	complete	True	True	True	4	2	2	-1	2
12a_115	lower_bound	True	False	False	4	4	4	0	0
12a_1150	lower_bound	True	False	False	4	4	4	0	0
12a_1152	lower_bound	True	False	False	4	4	4	0	0
12a_1153	lower_bound	True	False	False	4	4	4	2	-4
12a_1155	lower_bound	True	False	False	4	3	3	2	-4
12a_1156	lower_bound	True	False	False	4	4	4	2	-4
12a_1157	lower_bound	True	False	False	6	4	4	3	-6
12a_1158	lower_bound	True	True	True	6	3	3	2	-4
12a_1159	lower_bound	True	True	True	6	3	3	2	-4
12a_116	lower_bound	True	False	False	6	4	4	-1	2
12a_1160	complete	True	True	True	4	2	2	1	-2
12a_1161	complete	True	True	True	4	2	2	1	-2
12a_1162	lower_bound	True	True	True	6	3	3	2	-4
12a_1163	complete	True	True	True	4	2	2	1	-2
12a_1164	lower_bound	True	True	True	6	3	3	2	-4
12a_1165	complete	True	True	True	4	2	2	1	-2
12a_1166	complete	True	True	True	2	1	1	0	0
12a_1167	lower_bound	True	False	False	4	4	4	0	0
12a_1168	lower_bound	True	False	False	6	5	5	-1	2
12a_1169	lower_bound	True	False	False	4	4	4	0	0
12a_117	lower_bound	True	True	True	6	3	3	2	-4
12a_1170	lower_bound	True	False	False	4	4	4	0	0
12a_1171	lower_bound	True	False	False	4	3	3	1	-2
12a_1172	lower_bound	True	False	False	4	4	4	0	0
12a_1174	lower_bound	True	False	False	4	4	4	0	0
12a_1175	lower_bound	True	False	False	4	4	4	1	-2
12a_1176	lower_bound	True	False	False	6	5	5	-1	2
12a_1177	lower_bound	True	False	False	4	4	4	0	0
12a_1178	lower_bound	True	False	False	4	4	4	0	0
12a_1179	lower_bound	True	False	False	4	3	3	1	-2
12a_118	lower_bound	True	True	True	6	3	3	0	0
12a_1180	lower_bound	True	False	False	4	4	4	0	0
12a_1181	lower_bound	True	False	False	4	3	3	1	-2
12a_1182	lower_bound	True	False	False	4	4	4	1	-2
12a_1183	lower_bound	True	False	False	4	3	3	2	-4
12a_1184	lower_bound	True	False	False	4	4	4	2	-4
12a_1185	lower_bound	True	False	False	4	3	3	1	-2
12a_1186	lower_bound	True	False	False	4	4	4	2	-4
12a_1187	lower_bound	True	False	False	4	4	4	-1	2
12a_1188	lower_bound	True	False	False	4	4	4	0	0
12a_1189	lower_bound	True	False	False	4	3	3	1	-2
12a_119	lower_bound	True	False	False	6	4	4	2	-4
12a_1190	lower_bound	True	False	False	4	4	4	1	-2
12a_1191	lower_bound	True	False	False	6	5	5	-2	4
12a_1192	lower_bound	True	False	False	4	4	4	-1	2
12a_1193	lower_bound	True	False	False	4	4	4	-1	2
12a_1194	lower_bound	True	False	False	4	4	4	-1	2
12a_1195	lower_bound	True	False	False	4	4	4	1	-2
12a_1196	lower_bound	True	False	False	4	4	4	0	0
12a_1197	lower_bound	True	False	False	4	4	4	0	0
12a_1198	lower_bound	True	False	False	4	3	3	1	-2
12a_1199	lower_bound	True	False	False	6	5	5	0	0
12a_12	lower_bound	True	True	True	6	3	3	-1	2
12a_120	lower_bound	True	False	False	4	4	4	1	-2
12a_1200	lower_bound	True	False	False	4	4	4	-1	2
12a_1201	lower_bound	True	False	False	4	4	4	0	0
12a_1203	lower_bound	True	False	False	6	5	5	-1	2
12a_1204	lower_bound	True	False	False	4	4	4	0	0
12a_1205	lower_bound	True	False	False	4	3	3	1	-2
12a_1206	lower_bound	True	False	False	4	3	3	2	-4
12a_1207	lower_bound	True	False	False	4	4	4	2	-4
12a_1208	lower_bound	True	False	False	4	3	3	1	-2
12a_1209	lower_bound	True	False	False	6	5	5	0	0
12a_121	lower_bound	True	True	True	6	3	3	0	0
12a_1210	lower_bound	True	False	False	6	5	5	-2	4
12a_1211	lower_bound	True	False	False	6	5	5	0	0
12a_1212	lower_bound	True	False	False	6	5	5	1	-2
12a_1213	lower_bound	True	False	False	4	4	4	0	0
12a_1214	lower_bound	True	False	False	6	5	5	4	-8
12a_1215	lower_bound	True	False	False	6	5	5	2	-4
12a_1216	lower_bound	True	False	False	4	4	4	-1	2
12a_1217	lower_bound	True	False	False	4	3	3	0	0
12a_1218	lower_bound	True	False	False	6	5	5	0	0
12a_1219	lower_bound	True	False	False	6	5	5	-1	2
12a_122	lower_bound	True	False	False	6	4	4	-1	2
12a_1220	lower_bound	True	False	False	6	5	5	-3	6
12a_1221	lower_bound	True	False	False	6	5	5	1	-2
12a_1222	lower_bound	True	False	False	6	5	5	0	0
12a_1223	lower_bound	True	False	False	6	5	5	2	-4
12a_1224	lower_bound	True	False	False	4	4	4	1	-2
12a_1225	lower_bound	True	False	False	6	5	5	0	0
12a_1226	lower_bound	True	False	False	6	5	5	-1	2
12a_1227	lower_bound	True	False	False	6	5	5	-1	2
12a_1228	lower_bound	True	False	False	4	4	4	0	0
12a_1229	lower_bound	True	False	False	6	5	5	0	0
12a_123	lower_bound	True	False	False	6	4	4	-2	4
12a_1230	lower_bound	True	False	False	6	5	5	1	-2
12a_1231	lower_bound	True	False	False	6	5	5	0	0
12a_1232	lower_bound	True	False	False	4	4	4	1	-2
12a_1233	lower_bound	True	False	False	6	5	5	2	-4
12a_1234	lower_bound	True	False	False	6	4	4	1	-2
12a_1235	lower_bound	True	False	False	6	5	5	0	0
12a_1236	lower_bound	True	False	False	4	4	4	-1	2
12a_1237	lower_bound	True	False	False	4	4	4	0	0
12a_1238	lower_bound	True	False	False	6	5	5	1	-2
12a_1239	lower_bound	True	False	False	4	4	4	0	0
12a_124	lower_bound	True	True	True	6	3	3	-1	2
12a_1240	lower_bound	True	False	False	4	4	4	2	-4
12a_1241	lower_bound	True	False	False	4	3	3	1	-2
12a_1242	lower_bound	True	False	False	6	4	4	3	-6
12a_1243	lower_bound	True	True	True	6	3	3	2	-4
12a_1244	lower_bound	True	False	False	4	4	4	1	-2
12a_1245	lower_bound	True	False	False	4	3	3	0	0
12a_1246	lower_bound	True	False	False	6	5	5	1	-2
12a_1247	lower_bound	True	False	False	4	4	4	2	-4
12a_1248	lower_bound	True	False	False	6	5	5	-1	2
12a_1249	lower_bound	True	False	False	6	5	5	0	0
12a_125	lower_bound	True	True	True	6	3	3	0	0
12a_1250	lower_bound	True	False	False	6	5	5	0	0
12a_1251	lower_bound	True	False	False	4	3	3	0	0
12a_1252	lower_bound	True	False	False	4	4	4	1	-2
12a_1253	lower_bound	True	False	False	6	5	5	-1	2
12a_1254	lower_bound	True	False	False	6	5	5	0	0
12a_1255	lower_bound	True	False	False	6	5	5	2	-4
12a_1256	lower_bound	True	False	False	4	4	4	-1	2
12a_1257	lower_bound	True	False	False	4	4	4	1	-2
12a_1258	lower_bound	True	False	False	6	5	5	0	0
12a_1259	lower_bound	True	False	False	4	4	4	-1	2
12a_126	lower_bound	True	False	False	4	4	4	0	0
12a_1260	lower_bound	True	False	False	6	5	5	0	0
12a_1261	lower_bound	True	False	False	4	4	4	1	-2
12a_1262	lower_bound	True	False	False	4	4	4	-1	2
12a_1263	lower_bound	True	False	False	4	3	3	-1	2
12a_1264	lower_bound	True	False	False	4	4	4	1	-2
12a_1265	lower_bound	True	False	False	4	3	3	0	0
12a_1266	lower_bound	True	False	False	4	3	3	2	-4
12a_1267	lower_bound	True	False	False	4	3	3	0	0
12a_1268	lower_bound	True	False	False	4	4	4	0	0
12a_1269	lower_bound	True	False	False	4	3	3	0	0
12a_127	lower_bound	True	True	True	6	3	3	1	-2
12a_1270	lower_bound	True	False	False	4	4	4	1	-2
12a_1271	lower_bound	True	False	False	4	3	3	-1	2
12a_1272	lower_bound	True	False	False	4	4	4	0	0
12a_1273	lower_bound	True	False	False	6	5	5	0	0
12a_1274	lower_bound	True	False	False	6	4	4	-1	2
12a_1275	lower_bound	True	True	True	6	3	3	0	0
12a_1276	lower_bound	True	False	False	6	4	4	-1	2
12a_1277	lower_bound	True	True	True	6	3	3	0	0
12a_1278	lower_bound	True	True	True	6	3	3	-2	4
12a_1279	complete	True	True	True	4	2	2	-1	2
12a_128	complete	True	True	True	4	2	2	0	0
12a_1280	lower_bound	True	False	False	4	4	4	0	0
12a_1281	lower_bound	True	True	True	6	3	3	0	0
12a_1282	complete	True	True	True	4	2	2	-1	2
12a_1283	lower_bound	True	False	False	6	5	5	0	0
12a_1284	lower_bound	True	False	False	6	4	4	-1	2
12a_1285	lower_bound	True	False	False	6	4	4	-1	2
12a_1286	lower_bound	True	True	True	6	3	3	-2	4
12a_1287	complete	True	True	True	2	1	1	0	0
12a_1288	lower_bound	True	False	False	6	5	5	0	0
12a_129	lower_bound	True	False	False	6	4	4	1	-2
12a_13	lower_bound	True	False	False	4	4	4	0	0
12a_130	lower_bound	True	True	True	6	3	3	0	0
12a_131	lower_bound	True	False	False	4	4	4	-1	2
12a_132	lower_bound	True	False	False	4	4	4	0	0
12a_133	lower_bound	True	False	False	4	4	4	-1	2
12a_134	lower_bound	True	False	False	4	4	4	0	0
12a_135	lower_bound	True	False	False	3	3	3	-1	2
12a_136	lower_bound	True	False	False	4	4	4	-1	2
12a_137	lower_bound	True	False	False	4	4	4	-1	2
12a_138	lower_bound	True	False	False	4	4	4	1	-2
12a_139	lower_bound	True	False	False	4	4	4	0	0
12a_14	lower_bound	True	False	False	4	4	4	-1	2
12a_140	lower_bound	True	False	False	3	3	3	0	0
12a_141	lower_bound	True	False	False	6	4	4	0	0
12a_142	lower_bound	True	False	False	6	4	4	2	-4
12a_143	lower_bound	True	False	False	6	4	4	4	-8
12a_144	lower_bound	True	True	True	6	3	3	3	-6
12a_145	lower_bound	True	True	True	6	3	3	3	-6
12a_146	lower_bound	True	False	False	6	5	5	-3	6
12a_147	lower_bound	True	False	False	6	4	4	-2	4
12a_148	lower_bound	True	False	False	6	4	4	-2	4
12a_149	lower_bound	True	False	False	6	4	4	1	-2
12a_15	lower_bound	True	False	False	4	4	4	0	0
12a_150	lower_bound	True	True	True	6	3	3	-1	2
12a_151	lower_bound	True	True	True	6	3	3	1	-2
12a_152	complete	True	True	True	4	2	2	2	-4
12a_153	lower_bound	True	True	True	6	3	3	-1	2
12a_154	lower_bound	True	False	False	3	3	3	2	-4
12a_155	lower_bound	True	True	True	6	3	3	1	-2
12a_156	complete	True	True	True	4	2	2	2	-4
12a_157	lower_bound	True	False	False	6	4	4	0	0
12a_158	lower_bound	True	False	False	6	4	4	3	-6
12a_159	lower_bound	True	True	True	6	3	3	2	-4
12a_16	lower_bound	True	False	False	6	4	4	0	0
12a_160	lower_bound	True	False	False	6	4	4	-2	4
12a_161	lower_bound	True	True	True	6	3	3	-1	2
12a_162	lower_bound	True	False	False	3	3	3	2	-4
12a_163	lower_bound	True	False	False	3	3	3	1	-2
12a_164	lower_bound	True	False	False	6	4	4	1	-2
12a_165	lower_bound	True	True	True	6	3	3	2	-4
12a_166	lower_bound	True	False	False	6	4	4	1	-2
12a_167	lower_bound	True	False	False	6	4	4	-2	4
12a_168	lower_bound	True	True	True	6	3	3	-1	2
12a_169	complete	True	True	True	4	2	2	0	0
12a_17	lower_bound	True	False	False	6	4	4	1	-2
12a_170	lower_bound	True	True	True	6	3	3	1	-2
12a_171	lower_bound	True	True	True	6	3	3	0	0
12a_172	lower_bound	True	False	False	6	4	4	-2	4
12a_173	lower_bound	True	False	False	6	4	4	0	0
12a_174	lower_bound	True	False	False	6	4	4	-1	2
12a_175	lower_bound	True	True	True	6	3	3	-1	2
12a_176	lower_bound	True	True	True	6	3	3	-1	2
12a_177	lower_bound	True	True	True	6	3	3	-1	2
12a_178	lower_bound	True	True	True	6	3	3	-1	2
12a_179	lower_bound	True	False	False	6	4	4	1	-2
12a_18	lower_bound	True	False	False	6	4	4	1	-2
12a_180	lower_bound	True	True	True	6	3	3	0	0
12a_181	lower_bound	True	True	True	6	3	3	0	0
12a_182	lower_bound	True	False	False	6	4	4	-1	2
12a_183	complete	True	True	True	4	2	2	0	0
12a_184	lower_bound	True	False	False	4	4	4	0	0
12a_185	lower_bound	True	False	False	4	4	4	1	-2
12a_186	lower_bound	True	False	False	4	4	4	-2	4
12a_187	lower_bound	True	False	False	3	3	3	-1	2
12a_188	lower_bound	True	False	False	4	4	4	0	0
12a_189	lower_bound	True	False	False	4	4	4	0	0
12a_19	lower_bound	True	False	False	6	4	4	-1	2
12a_190	lower_bound	True	False	False	4	4	4	-2	4
12a_191	lower_bound	True	False	False	4	4	4	-1	2
12a_192	lower_bound	True	False	False	3	3	3	-1	2
12a_193	lower_bound	True	False	False	6	4	4	-2	4
12a_194	lower_bound	True	True	True	6	3	3	-1	2
12a_195	lower_bound	True	False	False	6	4	4	-2	4
12a_196	lower_bound	True	True	True	6	3	3	-1	2
12a_197	complete	True	True	True	4	2	2	0	0
12a_198	lower_bound	True	False	False	3	3	3	0	0
12a_199	lower_bound	True	False	False	4	3	3	2	-4
12a_2	lower_bound	True	False	False	6	4	4	1	-2
12a_20	lower_bound	True	False	False	6	4	4	0	0
12a_200	lower_bound	True	False	False	4	4	4	-1	2
12a_201	lower_bound	True	False	False	3	3	3	0	0
12a_202	lower_bound	True	False	False	4	4	4	0	0
12a_203	lower_bound	True	False	False	6	4	4	-1	2
12a_204	lower_bound	True	True	True	6	3	3	0	0
12a_205	lower_bound	True	False	False	6	4	4	3	-6
12a_206	lower_bound	True	True	True	6	3	3	2	-4
12a_207	lower_bound	True	False	False	6	4	4	1	-2
12a_208	lower_bound	True	True	True	6	3	3	0	0
12a_209	lower_bound	True	False	False	4	4	4	0	0
12a_21	lower_bound	True	True	True	6	3	3	2	-4
12a_210	lower_bound	True	True	True	6	3	3	2	-4
12a_211	lower_bound	True	False	False	6	4	4	0	0
12a_212	lower_bound	True	True	True	6	3	3	1	-2
12a_213	lower_bound	True	False	False	4	4	4	1	-2
12a_214	lower_bound	True	False	False	4	4	4	0	0
12a_215	lower_bound	True	False	False	6	4	4	-1	2
12a_216	lower_bound	True	False	False	6	4	4	2	-4
12a_217	lower_bound	True	False	False	6	4	4	0	0
12a_218	lower_bound	True	True	True	6	3	3	1	-2
12a_219	lower_bound	True	False	False	6	4	4	-2	4
12a_22	lower_bound	True	True	True	6	3	3	0	0
12a_220	lower_bound	True	False	False	6	4	4	1	-2
12a_221	lower_bound	True	True	True	6	3	3	0	0
12a_222	lower_bound	True	False	False	4	4	4	0	0
12a_223	lower_bound	True	False	False	3	3	3	0	0
12a_224	lower_bound	True	False	False	4	4	4	1	-2
12a_225	lower_bound	True	False	False	6	4	4	-1	2
12a_226	lower_bound	True	True	True	6	3	3	2	-4
12a_227	lower_bound	True	False	False	4	3	3	2	-4
12a_228	lower_bound	True	False	False	4	4	4	-1	2
12a_229	lower_bound	True	True	True	6	3	3	0	0
12a_23	lower_bound	True	True	True	6	3	3	0	0
12a_230	lower_bound	True	False	False	3	3	3	-1	2
12a_231	lower_bound	True	False	False	4	3	3	2	-4
12a_232	lower_bound	True	True	True	6	3	3	2	-4
12a_233	lower_bound	True	False	False	4	4	4	0	0
12a_234	lower_bound	True	False	False	6	4	4	0	0
12a_235	lower_bound	True	True	True	6	3	3	1	-2
12a_236	lower_bound	True	False	False	6	4	4	3	-6
12a_237	lower_bound	True	True	True	6	3	3	2	-4
12a_238	lower_bound	True	True	True	6	3	3	2	-4
12a_239	complete	True	True	True	4	2	2	1	-2
12a_24	lower_bound	True	False	False	6	4	4	2	-4
12a_240	lower_bound	True	False	False	6	4	4	-2	4
12a_241	lower_bound	True	True	True	6	3	3	-1	2
12a_242	lower_bound	True	False	False	6	4	4	1	-2
12a_243	lower_bound	True	True	True	6	3	3	0	0
12a_244	lower_bound	True	False	False	4	3	3	-1	2
12a_245	lower_bound	True	False	False	4	4	4	0	0
12a_246	lower_bound	True	False	False	6	4	4	2	-4
12a_247	lower_bound	True	True	True	6	3	3	1	-2
12a_248	lower_bound	True	True	True	6	3	3	0	0
12a_249	lower_bound	True	True	True	6	3	3	-1	2
12a_25	lower_bound	True	True	True	6	3	3	0	0
12a_250	lower_bound	True	False	False	6	4	4	2	-4
12a_251	lower_bound	True	True	True	6	3	3	1	-2
12a_252	lower_bound	True	False	False	6	4	4	3	-6
12a_253	lower_bound	True	True	True	6	3	3	2	-4
12a_254	lower_bound	True	True	True	6	3	3	2	-4
12a_255	complete	True	True	True	4	2	2	1	-2
12a_256	lower_bound	True	False	False	3	3	3	1	-2
12a_257	lower_bound	True	True	True	6	3	3	1	-2
12a_258	lower_bound	True	False	False	6	4	4	0	0
12a_259	lower_bound	True	True	True	6	3	3	1	-2
12a_26	lower_bound	True	False	False	6	4	4	-2	4
12a_260	lower_bound	True	False	False	4	4	4	1	-2
12a_261	lower_bound	True	False	False	4	4	4	0	0
12a_262	lower_bound	True	False	False	4	4	4	1	-2
12a_263	lower_bound	True	True	True	6	3	3	1	-2
12a_264	lower_bound	True	False	False	4	4	4	1	-2
12a_265	lower_bound	True	False	False	4	4	4	0	0
12a_266	lower_bound	True	False	False	4	4	4	2	-4
12a_267	lower_bound	True	False	False	4	3	3	1	-2
12a_268	lower_bound	True	False	False	4	4	4	0	0
12a_269	lower_bound	True	True	True	6	3	3	2	-4
12a_27	lower_bound	True	True	True	6	3	3	-1	2
12a_270	complete	True	True	True	4	2	2	1	-2
12a_271	lower_bound	True	False	False	6	4	4	0	0
12a_272	lower_bound	True	True	True	6	3	3	-1	2
12a_273	lower_bound	True	False	False	4	3	3	0	0
12a_274	lower_bound	True	False	False	6	4	4	-2	4
12a_275	lower_bound	True	True	True	6	3	3	-1	2
12a_276	lower_bound	True	False	False	6	4	4	4	-8
12a_277	lower_bound	True	True	True	6	3	3	3	-6
12a_278	lower_bound	True	False	False	6	4	4	-1	2
12a_279	lower_bound	True	True	True	6	3	3	0	0
12a_28	lower_bound	True	True	True	6	3	3	1	-2
12a_280	lower_bound	True	False	False	6	4	4	1	-2
12a_281	lower_bound	True	False	False	6	4	4	2	-4
12a_282	lower_bound	True	False	False	4	4	4	0	0
12a_283	lower_bound	True	False	False	4	4	4	-1	2
12a_284	lower_bound	True	False	False	4	4	4	1	-2
12a_285	lower_bound	True	False	False	4	4	4	-1	2
12a_286	lower_bound	True	False	False	3	3	3	0	0
12a_287	lower_bound	True	False	False	4	4	4	-1	2
12a_288	lower_bound	True	False	False	4	4	4	-1	2
12a_289	lower_bound	True	False	False	4	3	3	2	-4
12a_29	lower_bound	True	False	False	6	4	4	-1	2
12a_290	lower_bound	True	False	False	4	4	4	1	-2
12a_291	lower_bound	True	False	False	4	3	3	0	0
12a_292	lower_bound	True	False	False	4	4	4	-1	2
12a_293	lower_bound	True	False	False	4	3	3	3	-6
12a_294	lower_bound	True	False	False	4	4	4	-2	4
12a_295	lower_bound	True	True	True	6	3	3	3	-6
12a_296	lower_bound	True	False	False	3	3	3	1	-2
12a_297	lower_bound	True	False	False	6	4	4	-2	4
12a_298	lower_bound	True	False	False	6	4	4	-1	2
12a_299	lower_bound	True	False	False	6	4	4	2	-4
12a_3	lower_bound	True	True	True	6	3	3	0	0
12a_30	lower_bound	True	False	False	6	4	4	0	0
12a_300	lower_bound	True	True	True	6	3	3	1	-2
12a_301	lower_bound	True	False	False	3	3	3	0	0
12a_302	lower_bound	True	True	True	6	3	3	-1	2
12a_303	lower_bound	True	True	True	6	3	3	0	0
12a_304	lower_bound	True	False	False	6	4	4	-2	4
12a_305	lower_bound	True	False	False	6	4	4	1	-2
12a_306	lower_bound	True	True	True	6	3	3	-1	2
12a_307	lower_bound	True	True	True	6	3	3	0	0
12a_308	lower_bound	True	False	False	3	3	3	0	0
12a_309	lower_bound	True	False	False	3	3	3	0	0
12a_31	lower_bound	True	True	True	6	3	3	1	-2
12a_310	lower_bound	True	False	False	4	4	4	0	0
12a_311	lower_bound	True	False	False	4	3	3	2	-4
12a_312	lower_bound	True	False	False	3	2	2	1	-2
12a_313	lower_bound	True	False	False	4	3	3	1	-2
12a_315	lower_bound	True	False	False	4	3	3	2	-4
12a_316	lower_bound	True	False	False	4	4	4	0	0
12a_317	lower_bound	True	False	False	4	3	3	-1	2
12a_318	lower_bound	True	False	False	4	4	4	-1	2
12a_319	lower_bound	True	False	False	4	3	3	3	-6
12a_32	lower_bound	True	True	True	6	3	3	-1	2
12a_321	lower_bound	True	False	False	4	4	4	3	-6
12a_322	lower_bound	True	False	False	4	3	3	2	-4
12a_323	lower_bound	True	False	False	4	4	4	0	0
12a_324	lower_bound	True	False	False	4	4	4	-1	2
12a_325	lower_bound	True	False	False	4	4	4	-1	2
12a_327	lower_bound	True	True	True	6	3	3	-1	2
12a_328	lower_bound	True	False	False	4	4	4	1	-2
12a_329	lower_bound	True	True	True	6	3	3	2	-4
12a_33	lower_bound	True	False	False	6	4	4	0	0
12a_330	complete	True	True	True	4	2	2	1	-2
12a_331	lower_bound	True	False	False	6	4	4	-2	4
12a_332	lower_bound	True	True	True	6	3	3	-1	2
12a_333	lower_bound	True	False	False	4	4	4	0	0
12a_334	lower_bound	True	False	False	4	4	4	0	0
12a_335	lower_bound	True	False	False	4	4	4	1	-2
12a_336	lower_bound	True	False	False	4	3	3	2	-4
12a_338	lower_bound	True	True	True	6	3	3	1	-2
12a_34	lower_bound	True	False	False	6	4	4	3	-6
12a_341	lower_bound	True	False	False	4	4	4	0	0
12a_342	lower_bound	True	False	False	4	4	4	0	0
12a_344	lower_bound	True	True	True	6	3	3	3	-6
12a_345	complete	True	True	True	4	2	2	2	-4
12a_346	lower_bound	True	False	False	4	4	4	0	0
12a_347	lower_bound	True	False	False	4	3	3	1	-2
12a_349	lower_bound	True	False	False	4	4	4	-2	4
12a_35	lower_bound	True	True	True	6	3	3	2	-4
12a_350	lower_bound	True	False	False	4	3	3	2	-4
12a_351	lower_bound	True	False	False	4	4	4	0	0
12a_352	lower_bound	True	False	False	4	4	4	-1	2
12a_353	lower_bound	True	False	False	4	3	3	1	-2
12a_354	lower_bound	True	False	False	4	3	3	1	-2
12a_355	lower_bound	True	True	True	6	3	3	3	-6
12a_356	complete	True	True	True	4	2	2	2	-4
12a_357	lower_bound	True	True	True	6	3	3	0	0
12a_358	lower_bound	True	False	False	4	4	4	1	-2
12a_359	lower_bound	True	False	False	4	4	4	0	0
12a_36	lower_bound	True	False	False	6	4	4	3	-6
12a_361	lower_bound	True	False	False	4	4	4	0	0
12a_362	lower_bound	True	False	False	4	4	4	-2	4
12a_363	lower_bound	True	False	False	4	4	4	-2	4
12a_364	lower_bound	True	False	False	4	4	4	-1	2
12a_365	lower_bound	True	False	False	4	4	4	-1	2
12a_366	lower_bound	True	False	False	4	3	3	0	0
12a_367	lower_bound	True	False	False	6	4	4	4	-8
12a_368	lower_bound	True	True	True	6	3	3	3	-6
12a_369	lower_bound	True	False	False	6	5	5	-3	6
12a_37	lower_bound	True	True	True	6	3	3	2	-4
12a_370	lower_bound	True	False	False	6	4	4	-2	4
12a_371	lower_bound	True	False	False	6	4	4	-2	4
12a_372	lower_bound	True	True	True	6	3	3	-1	2
12a_373	lower_bound	True	False	False	6	4	4	3	-6
12a_374	lower_bound	True	False	False	6	4	4	0	0
12a_375	lower_bound	True	False	False	6	4	4	-2	4
12a_376	lower_bound	True	True	True	6	3	3	-1	2
12a_377	lower_bound	True	False	False	4	4	4	0	0
12a_378	lower_bound	True	True	True	6	3	3	1	-2
12a_379	lower_bound	True	True	True	6	3	3	-1	2
12a_38	complete	True	True	True	4	2	2	1	-2
12a_380	complete	True	True	True	4	2	2	0	0
12a_381	lower_bound	True	True	True	6	3	3	1	-2
12a_382	lower_bound	True	False	False	6	4	4	-2	4
12a_383	lower_bound	True	False	False	6	4	4	-1	2
12a_384	lower_bound	True	True	True	6	3	3	-1	2
12a_385	lower_bound	True	True	True	6	3	3	0	0
12a_386	lower_bound	True	False	False	4	4	4	-2	4
12a_387	lower_bound	True	False	False	4	4	4	0	0
12a_388	lower_bound	True	False	False	4	4	4	0	0
12a_389	lower_bound	True	False	False	4	4	4	-1	2
12a_39	lower_bound	True	False	False	6	4	4	-1	2
12a_390	lower_bound	True	False	False	4	4	4	1	-2
12a_391	lower_bound	True	False	False	4	3	3	3	-6
12a_393	lower_bound	True	False	False	4	3	3	2	-4
12a_394	lower_bound	True	False	False	4	4	4	-2	4
12a_395	lower_bound	True	False	False	4	3	3	-1	2
12a_396	lower_bound	True	False	False	6	4	4	0	0
12a_398	lower_bound	True	False	False	4	4	4	2	-4
12a_399	lower_bound	True	False	False	4	3	3	-1	2
12a_4	lower_bound	True	False	False	6	4	4	0	0
12a_40	lower_bound	True	False	False	6	4	4	1	-2
12a_401	lower_bound	True	True	True	6	3	3	1	-2
12a_402	lower_bound	True	False	False	4	4	4	1	-2
12a_406	lower_bound	True	True	True	6	3	3	1	-2
12a_408	lower_bound	True	False	False	4	3	3	2	-4
12a_409	lower_bound	True	False	False	4	4	4	3	-6
12a_41	lower_bound	True	False	False	6	4	4	-2	4
12a_410	lower_bound	True	False	False	4	3	3	2	-4
12a_411	lower_bound	True	False	False	4	4	4	-2	4
12a_412	lower_bound	True	False	False	4	3	3	-1	2
12a_413	lower_bound	True	False	False	4	4	4	1	-2
12a_415	lower_bound	True	False	False	4	4	4	0	0
12a_416	lower_bound	True	False	False	4	4	4	1	-2
12a_417	lower_bound	True	False	False	4	4	4	-1	2
12a_418	lower_bound	True	False	False	4	4	4	-1	2
12a_419	lower_bound	True	False	False	4	4	4	1	-2
12a_42	lower_bound	True	True	True	6	3	3	-1	2
12a_420	lower_bound	True	True	True	6	3	3	3	-6
12a_421	complete	True	True	True	4	2	2	2	-4
12a_422	lower_bound	True	False	False	6	4	4	-2	4
12a_423	lower_bound	True	True	True	6	3	3	-1	2
12a_424	lower_bound	True	True	True	6	3	3	-1	2
12a_425	complete	True	True	True	4	2	2	0	0
12a_426	lower_bound	True	False	False	4	4	4	0	0
12a_427	lower_bound	True	False	False	4	4	4	0	0
12a_428	lower_bound	True	False	False	4	4	4	0	0
12a_429	lower_bound	True	False	False	4	3	3	1	-2
12a_43	lower_bound	True	True	True	6	3	3	3	-6
12a_430	lower_bound	True	False	False	4	4	4	-2	4
12a_431	lower_bound	True	False	False	4	3	3	3	-6
12a_432	lower_bound	True	False	False	4	3	3	3	-6
12a_433	lower_bound	True	True	True	6	3	3	2	-4
12a_434	lower_bound	True	False	False	4	4	4	-1	2
12a_435	lower_bound	True	False	False	6	4	4	0	0
12a_436	lower_bound	True	False	False	6	4	4	-1	2
12a_437	lower_bound	True	True	True	6	3	3	0	0
12a_438	lower_bound	True	False	False	4	4	4	0	0
12a_439	lower_bound	True	False	False	4	4	4	0	0
12a_44	lower_bound	True	True	True	6	3	3	2	-4
12a_440	lower_bound	True	False	False	4	4	4	2	-4
12a_441	lower_bound	True	False	False	4	3	3	1	-2
12a_442	lower_bound	True	True	True	6	3	3	3	-6
12a_443	complete	True	True	True	4	2	2	2	-4
12a_444	lower_bound	True	True	True	6	3	3	2	-4
12a_445	lower_bound	True	False	False	6	4	4	-1	2
12a_446	lower_bound	True	False	False	4	4	4	1	-2
12a_447	lower_bound	True	True	True	6	3	3	0	0
12a_448	complete	True	True	True	4	2	2	0	0
12a_45	lower_bound	True	False	False	6	4	4	-1	2
12a_451	lower_bound	True	False	False	4	4	4	1	-2
12a_452	lower_bound	True	False	False	4	4	4	0	0
12a_453	lower_bound	True	False	False	6	4	4	0	0
12a_454	lower_bound	True	True	True	6	3	3	1	-2
12a_455	lower_bound	True	False	False	4	4	4	-1	2
12a_456	lower_bound	True	False	False	4	4	4	0	0
12a_457	lower_bound	True	False	False	4	4	4	-1	2
12a_458	lower_bound	True	False	False	4	4	4	0	0
12a_46	lower_bound	True	True	True	6	3	3	0	0
12a_461	lower_bound	True	False	False	4	3	3	2	-4
12a_462	lower_bound	True	False	False	6	4	4	0	0
12a_463	lower_bound	True	True	True	6	3	3	1	-2
12a_464	lower_bound	True	False	False	4	4	4	0	0
12a_465	lower_bound	True	False	False	4	4	4	0	0
12a_466	lower_bound	True	False	False	4	4	4	-2	4
12a_467	lower_bound	True	False	False	4	4	4	-1	2
12a_468	lower_bound	True	False	False	4	4	4	-1	2
12a_469	lower_bound	True	False	False	4	4	4	0	0
12a_47	lower_bound	True	True	True	6	3	3	2	-4
12a_470	lower_bound	True	False	False	4	4	4	1	-2
12a_471	complete	True	True	True	4	2	2	0	0
12a_473	lower_bound	True	False	False	4	4	4	0	0
12a_474	lower_bound	True	False	False	4	4	4	-1	2
12a_475	lower_bound	True	False	False	4	4	4	1	-2
12a_476	lower_bound	True	False	False	4	4	4	-2	4
12a_477	lower_bound	True	True	True	6	3	3	0	0
12a_478	lower_bound	True	False	False	4	4	4	-1	2
12a_479	lower_bound	True	False	False	4	4	4	0	0
12a_48	lower_bound	True	False	False	4	4	4	0	0
12a_480	lower_bound	True	False	False	4	4	4	1	-2
12a_481	lower_bound	True	True	True	6	3	3	-1	2
12a_482	complete	True	True	True	4	2	2	0	0
12a_483	lower_bound	True	False	False	4	4	4	-1	2
12a_484	lower_bound	True	False	False	4	4	4	0	0
12a_485	lower_bound	True	False	False	4	4	4	-1	2
12a_486	lower_bound	True	False	False	4	4	4	0	0
12a_487	lower_bound	True	False	False	4	4	4	-1	2
12a_488	lower_bound	True	False	False	4	4	4	1	-2
12a_49	lower_bound	True	False	False	4	3	3	-1	2
12a_490	lower_bound	True	False	False	4	3	3	3	-6
12a_493	lower_bound	True	False	False	4	4	4	1	-2
12a_495	lower_bound	True	False	False	4	4	4	2	-4
12a_496	lower_bound	True	False	False	4	4	4	1	-2
12a_497	lower_bound	True	False	False	6	4	4	0	0
12a_498	lower_bound	True	False	False	6	4	4	1	-2
12a_499	lower_bound	True	False	False	6	4	4	0	0
12a_5	lower_bound	True	True	True	6	3	3	1	-2
12a_50	lower_bound	True	False	False	6	4	4	-1	2
12a_500	lower_bound	True	False	False	6	4	4	1	-2
12a_501	lower_bound	True	False	False	6	4	4	1	-2
12a_502	lower_bound	True	False	False	6	4	4	3	-6
12a_503	lower_bound	True	False	False	6	4	4	1	-2
12a_504	lower_bound	True	True	True	6	3	3	2	-4
12a_505	lower_bound	True	False	False	6	4	4	-1	2
12a_506	lower_bound	True	False	False	6	4	4	0	0
12a_507	lower_bound	True	False	False	6	4	4	3	-6
12a_508	lower_bound	True	True	True	6	3	3	2	-4
12a_509	lower_bound	True	False	False	4	4	4	1	-2
12a_51	lower_bound	True	True	True	6	3	3	0	0
12a_510	lower_bound	True	True	True	6	3	3	0	0
12a_511	lower_bound	True	False	False	6	4	4	-2	4
12a_512	lower_bound	True	False	False	6	4	4	-1	2
12a_513	lower_bound	True	True	True	6	3	3	-1	2
12a_514	lower_bound	True	True	True	6	3	3	-1	2
12a_515	lower_bound	True	False	False	6	4	4	0	0
12a_516	lower_bound	True	False	False	6	4	4	1	-2
12a_517	lower_bound	True	False	False	6	4	4	2	-4
12a_518	lower_bound	True	True	True	6	3	3	0	0
12a_519	lower_bound	True	False	False	6	4	4	3	-6
12a_52	lower_bound	True	False	False	6	4	4	4	-8
12a_520	lower_bound	True	True	True	6	3	3	2	-4
12a_521	lower_bound	True	False	False	6	4	4	2	-4
12a_522	lower_bound	True	True	True	6	3	3	2	-4
12a_523	lower_bound	True	False	False	4	4	4	0	0
12a_524	lower_bound	True	True	True	6	3	3	1	-2
12a_525	lower_bound	True	True	True	6	3	3	0	0
12a_526	lower_bound	True	False	False	4	4	4	1	-2
12a_527	lower_bound	True	False	False	4	4	4	2	-4
12a_528	lower_bound	True	False	False	6	4	4	-1	2
12a_529	lower_bound	True	True	True	6	3	3	0	0
12a_53	lower_bound	True	True	True	6	3	3	3	-6
12a_531	lower_bound	True	False	False	6	4	4	1	-2
12a_532	lower_bound	True	True	True	6	3	3	0	0
12a_533	lower_bound	True	False	False	6	4	4	-2	4
12a_534	lower_bound	True	True	True	6	3	3	-1	2
12a_535	lower_bound	True	False	False	6	4	4	-1	2
12a_536	lower_bound	True	False	False	6	4	4	2	-4
12a_537	lower_bound	True	True	True	6	3	3	1	-2
12a_538	lower_bound	True	False	False	6	4	4	3	-6
12a_539	lower_bound	True	True	True	6	3	3	2	-4
12a_54	lower_bound	True	True	True	6	3	3	0	0
12a_540	lower_bound	True	True	True	6	3	3	2	-4
12a_541	lower_bound	True	False	False	6	4	4	2	-4
12a_542	complete	True	True	True	4	2	2	1	-2
12a_544	lower_bound	True	False	False	6	4	4	0	0
12a_545	lower_bound	True	True	True	6	3	3	1	-2
12a_547	lower_bound	True	False	False	4	3	3	2	-4
12a_548	lower_bound	True	True	True	6	3	3	2	-4
12a_549	complete	True	True	True	4	2	2	1	-2
12a_55	lower_bound	True	True	True	6	3	3	3	-6
12a_550	lower_bound	True	True	True	6	3	3	0	0
12a_551	complete	True	True	True	4	2	2	1	-2
12a_552	lower_bound	True	True	True	6	3	3	1	-2
12a_553	lower_bound	True	False	False	4	4	4	2	-4
12a_554	lower_bound	True	True	True	6	3	3	0	0
12a_556	lower_bound	True	True	True	6	3	3	2	-4
12a_557	complete	True	True	True	4	2	2	1	-2
12a_558	lower_bound	True	False	False	4	4	4	2	-4
12a_559	lower_bound	True	False	False	4	3	3	1	-2
12a_56	complete	True	True	True	4	2	2	2	-4
12a_560	lower_bound	True	True	True	6	3	3	0	0
12a_561	lower_bound	True	False	False	6	4	4	2	-4
12a_562	lower_bound	True	True	True	6	3	3	1	-2
12a_563	lower_bound	True	True	True	6	3	3	2	-4
12a_564	complete	True	True	True	4	2	2	1	-2
12a_565	lower_bound	True	False	False	6	4	4	-2	4
12a_566	lower_bound	True	True	True	6	3	3	-1	2
12a_567	lower_bound	True	False	False	4	4	4	0	0
12a_568	lower_bound	True	True	True	6	3	3	2	-4
12a_569	lower_bound	True	False	False	6	4	4	-2	4
12a_57	lower_bound	True	True	True	6	3	3	0	0
12a_570	lower_bound	True	True	True	6	3	3	-1	2
12a_571	lower_bound	True	False	False	4	4	4	1	-2
12a_572	lower_bound	True	False	False	4	4	4	1	-2
12a_573	lower_bound	True	False	False	4	4	4	-1	2
12a_574	lower_bound	True	False	False	6	4	4	4	-8
12a_575	lower_bound	True	True	True	6	3	3	3	-6
12a_576	lower_bound	True	False	False	6	5	5	-3	6
12a_577	lower_bound	True	False	False	6	4	4	-2	4
12a_578	lower_bound	True	False	False	6	4	4	-2	4
12a_579	lower_bound	True	False	False	6	4	4	0	0
12a_58	lower_bound	True	False	False	6	4	4	0	0
12a_580	lower_bound	True	False	False	6	4	4	-2	4
12a_581	lower_bound	True	True	True	6	3	3	-1	2
12a_582	lower_bound	True	True	True	6	3	3	-1	2
12a_583	lower_bound	True	False	False	6	4	4	0	0
12a_584	lower_bound	True	False	False	6	4	4	1	-2
12a_585	lower_bound	True	True	True	6	3	3	0	0
12a_586	lower_bound	True	False	False	4	3	3	3	-6
12a_587	lower_bound	True	False	False	4	4	4	3	-6
12a_588	lower_bound	True	False	False	4	4	4	1	-2
12a_589	lower_bound	True	False	False	4	4	4	-2	4
12a_59	lower_bound	True	False	False	4	4	4	1	-2
12a_590	lower_bound	True	False	False	6	4	4	3	-6
12a_591	lower_bound	True	True	True	6	3	3	2	-4
12a_592	lower_bound	True	False	False	4	3	3	2	-4
12a_593	lower_bound	True	False	False	4	3	3	0	0
12a_594	lower_bound	True	True	True	6	3	3	-1	2
12a_595	lower_bound	True	True	True	6	3	3	1	-2
12a_596	complete	True	True	True	4	2	2	0	0
12a_597	lower_bound	True	True	True	6	3	3	-1	2
12a_598	lower_bound	True	False	False	4	4	4	1	-2
12a_599	lower_bound	True	False	False	4	4	4	-2	4
12a_6	lower_bound	True	False	False	6	4	4	1	-2
12a_60	lower_bound	True	False	False	4	4	4	0	0
12a_600	lower_bound	True	True	True	6	3	3	2	-4
12a_601	complete	True	True	True	4	2	2	1	-2
12a_602	lower_bound	True	False	False	4	4	4	0	0
12a_603	lower_bound	True	False	False	4	3	3	1	-2
12a_605	lower_bound	True	False	False	4	4	4	-1	2
12a_606	lower_bound	True	False	False	4	3	3	0	0
12a_607	lower_bound	True	False	False	4	4	4	-2	4
12a_608	lower_bound	True	False	False	4	3	3	-1	2
12a_609	lower_bound	True	False	False	4	3	3	-1	2
12a_61	lower_bound	True	False	False	6	4	4	1	-2
12a_611	lower_bound	True	False	False	4	3	3	2	-4
12a_612	lower_bound	True	False	False	4	3	3	2	-4
12a_613	lower_bound	True	False	False	4	3	3	-1	2
12a_615	lower_bound	True	False	False	4	3	3	3	-6
12a_616	lower_bound	True	False	False	4	4	4	2	-4
12a_617	lower_bound	True	False	False	4	4	4	0	0
12a_618	lower_bound	True	False	False	4	4	4	2	-4
12a_619	complete	True	True	True	4	2	2	1	-2
12a_62	lower_bound	True	True	True	6	3	3	0	0
12a_620	lower_bound	True	False	False	4	4	4	2	-4
12a_621	lower_bound	True	False	False	4	4	4	-1	2
12a_623	lower_bound	True	False	False	4	3	3	2	-4
12a_624	lower_bound	True	False	False	4	3	3	-1	2
12a_626	lower_bound	True	False	False	4	4	4	1	-2
12a_627	lower_bound	True	False	False	4	4	4	0	0
12a_628	lower_bound	True	False	False	4	3	3	1	-2
12a_629	lower_bound	True	False	False	4	4	4	0	0
12a_63	lower_bound	True	False	False	4	4	4	1	-2
12a_630	lower_bound	True	False	False	4	4	4	1	-2
12a_631	lower_bound	True	False	False	4	3	3	0	0
12a_632	lower_bound	True	False	False	4	3	3	0	0
12a_633	lower_bound	True	False	False	4	3	3	1	-2
12a_634	lower_bound	True	True	True	6	3	3	-1	2
12a_636	complete	True	True	True	4	2	2	0	0
12a_637	lower_bound	True	False	False	4	4	4	-1	2
12a_638	lower_bound	True	False	False	4	3	3	2	-4
12a_639	lower_bound	True	False	False	4	4	4	1	-2
12a_64	lower_bound	True	True	True	6	3	3	2	-4
12a_640	lower_bound	True	False	False	4	3	3	0	0
12a_641	lower_bound	True	False	False	6	4	4	-2	4
12a_642	lower_bound	True	True	True	6	3	3	-1	2
12a_643	lower_bound	True	True	True	6	3	3	-1	2
12a_644	complete	True	True	True	4	2	2	0	0
12a_645	lower_bound	True	False	False	4	4	4	1	-2
12a_646	lower_bound	True	False	False	4	4	4	0	0
12a_647	lower_bound	True	False	False	6	4	4	4	-8
12a_648	lower_bound	True	True	True	6	3	3	3	-6
12a_649	lower_bound	True	False	False	6	4	4	-1	2
12a_65	lower_bound	True	False	False	6	4	4	-1	2
12a_650	lower_bound	True	True	True	6	3	3	0	0
12a_651	lower_bound	True	False	False	6	4	4	2	-4
12a_652	lower_bound	True	True	True	6	3	3	1	-2
12a_654	lower_bound	True	False	False	4	3	3	2	-4
12a_655	lower_bound	True	False	False	4	3	3	-1	2
12a_656	lower_bound	True	False	False	4	3	3	-1	2
12a_657	lower_bound	True	False	False	4	4	4	0	0
12a_658	lower_bound	True	False	False	4	3	3	1	-2
12a_659	lower_bound	True	False	False	4	3	3	3	-6
12a_66	lower_bound	True	False	False	4	4	4	0	0
12a_660	lower_bound	True	False	False	4	4	4	3	-6
12a_661	lower_bound	True	False	False	4	3	3	2	-4
12a_662	lower_bound	True	False	False	4	4	4	0	0
12a_664	lower_bound	True	False	False	4	4	4	2	-4
12a_667	lower_bound	True	False	False	6	4	4	0	0
12a_668	lower_bound	True	False	False	4	4	4	0	0
12a_669	lower_bound	True	True	True	6	3	3	-1	2
12a_67	lower_bound	True	False	False	4	4	4	-1	2
12a_670	lower_bound	True	False	False	4	4	4	0	0
12a_671	lower_bound	True	False	False	4	4	4	2	-4
12a_672	lower_bound	True	False	False	4	4	4	1	-2
12a_673	lower_bound	True	False	False	4	4	4	1	-2
12a_674	lower_bound	True	False	False	4	4	4	0	0
12a_675	lower_bound	True	False	False	4	4	4	2	-4
12a_676	lower_bound	True	False	False	4	3	3	1	-2
12a_677	lower_bound	True	False	False	4	3	3	1	-2
12a_678	lower_bound	True	False	False	4	3	3	1	-2
12a_679	complete	True	True	True	4	2	2	2	-4
12a_68	lower_bound	True	False	False	3	3	3	0	0
12a_680	lower_bound	True	False	False	4	4	4	1	-2
12a_681	lower_bound	True	False	False	6	4	4	2	-4
12a_682	lower_bound	True	True	True	6	3	3	1	-2
12a_683	lower_bound	True	False	False	6	4	4	2	-4
12a_684	lower_bound	True	True	True	6	3	3	1	-2
12a_685	lower_bound	True	False	False	4	3	3	2	-4
12a_686	lower_bound	True	False	False	4	3	3	2	-4
12a_688	lower_bound	True	False	False	4	4	4	2	-4
12a_689	lower_bound	True	True	True	6	3	3	1	-2
12a_69	lower_bound	True	False	False	4	4	4	-1	2
12a_690	complete	True	True	True	4	2	2	0	0
12a_691	complete	True	True	True	4	2	2	0	0
12a_692	lower_bound	True	False	False	6	4	4	-2	4
12a_693	lower_bound	True	False	False	6	4	4	-2	4
12a_694	lower_bound	True	False	False	6	4	4	3	-6
12a_695	lower_bound	True	False	False	4	4	4	1	-2
12a_696	lower_bound	True	False	False	4	4	4	0	0
12a_697	lower_bound	True	False	False	4	4	4	0	0
12a_698	lower_bound	True	False	False	4	4	4	-1	2
12a_699	lower_bound	True	False	False	4	4	4	0	0
12a_7	lower_bound	True	False	False	4	4	4	-1	2
12a_70	lower_bound	True	False	False	4	4	4	-2	4
12a_700	lower_bound	True	False	False	4	4	4	0	0
12a_701	lower_bound	True	False	False	4	4	4	-2	4
12a_702	lower_bound	True	False	False	4	4	4	-2	4
12a_703	lower_bound	True	False	False	4	4	4	-1	2
12a_704	lower_bound	True	False	False	4	4	4	-1	2
12a_705	lower_bound	True	False	False	4	4	4	0	0
12a_706	lower_bound	True	False	False	4	4	4	0	0
12a_707	lower_bound	True	False	False	4	4	4	0	0
12a_708	lower_bound	True	False	False	4	4	4	1	-2
12a_709	lower_bound	True	False	False	4	4	4	-1	2
12a_71	lower_bound	True	False	False	4	4	4	1	-2
12a_710	lower_bound	True	False	False	4	4	4	-1	2
12a_711	lower_bound	True	False	False	4	4	4	-1	2
12a_712	lower_bound	True	False	False	4	4	4	-1	2
12a_713	lower_bound	True	False	False	6	4	4	1	-2
12a_714	lower_bound	True	False	False	6	4	4	-1	2
12a_715	lower_bound	True	True	True	6	3	3	0	0
12a_716	lower_bound	True	False	False	6	5	5	-3	6
12a_717	lower_bound	True	False	False	6	4	4	-2	4
12a_718	lower_bound	True	False	False	6	4	4	-2	4
12a_719	lower_bound	True	True	True	6	3	3	-1	2
12a_72	lower_bound	True	False	False	3	3	3	0	0
12a_720	lower_bound	True	False	False	6	4	4	-2	4
12a_721	lower_bound	True	True	True	6	3	3	-1	2
12a_722	lower_bound	True	False	False	6	5	5	4	-8
12a_723	lower_bound	True	False	False	6	4	4	3	-6
12a_724	lower_bound	True	False	False	6	4	4	3	-6
12a_725	lower_bound	True	True	True	6	3	3	2	-4
12a_726	lower_bound	True	False	False	6	4	4	3	-6
12a_727	lower_bound	True	True	True	6	3	3	2	-4
12a_728	lower_bound	True	False	False	6	4	4	0	0
12a_729	lower_bound	True	True	True	6	3	3	1	-2
12a_73	lower_bound	True	False	False	3	3	3	1	-2
12a_730	lower_bound	True	True	True	6	3	3	2	-4
12a_731	lower_bound	True	True	True	6	3	3	2	-4
12a_732	lower_bound	True	True	True	6	3	3	-1	2
12a_733	lower_bound	True	True	True	6	3	3	2	-4
12a_734	lower_bound	True	False	False	4	4	4	1	-2
12a_735	complete	True	True	True	4	2	2	1	-2
12a_736	lower_bound	True	True	True	6	3	3	0	0
12a_737	lower_bound	True	False	False	6	4	4	-2	4
12a_738	lower_bound	True	True	True	6	3	3	-1	2
12a_739	lower_bound	True	False	False	6	4	4	3	-6
12a_74	lower_bound	True	False	False	4	4	4	-1	2
12a_740	lower_bound	True	True	True	6	3	3	2	-4
12a_741	lower_bound	True	False	False	4	3	3	2	-4
12a_742	lower_bound	True	False	False	6	4	4	-1	2
12a_743	complete	True	True	True	4	2	2	1	-2
12a_744	complete	True	True	True	4	2	2	0	0
12a_745	complete	True	True	True	4	2	2	1	-2
12a_746	lower_bound	True	False	False	4	4	4	0	0
12a_747	lower_bound	True	False	False	4	4	4	-1	2
12a_748	lower_bound	True	True	True	6	3	3	0	0
12a_749	lower_bound	True	True	True	6	3	3	-1	2
12a_75	lower_bound	True	False	False	4	3	3	2	-4
12a_750	complete	True	True	True	4	2	2	1	-2
12a_752	complete	True	True	True	4	2	2	1	-2
12a_753	complete	True	True	True	4	2	2	0	0
12a_754	lower_bound	True	False	False	4	4	4	1	-2
12a_755	lower_bound	True	False	False	4	4	4	1	-2
12a_756	lower_bound	True	False	False	4	4	4	-1	2
12a_757	lower_bound	True	False	False	6	4	4	1	-2
12a_758	lower_bound	True	True	True	6	3	3	0	0
12a_759	lower_bound	True	False	False	6	4	4	-2	4
12a_76	lower_bound	True	False	False	3	2	2	1	-2
12a_760	lower_bound	True	True	True	6	3	3	-1	2
12a_761	lower_bound	True	True	True	6	3	3	-1	2
12a_762	lower_bound	True	False	False	6	4	4	3	-6
12a_763	lower_bound	True	True	True	6	3	3	2	-4
12a_764	lower_bound	True	True	True	6	3	3	2	-4
12a_765	lower_bound	True	False	False	4	4	4	0	0
12a_766	lower_bound	True	False	False	4	4	4	0	0
12a_767	complete	True	True	True	4	2	2	1	-2
12a_768	lower_bound	True	False	False	4	4	4	-1	2
12a_77	lower_bound	True	False	False	6	4	4	0	0
12a_771	lower_bound	True	False	False	4	3	3	-1	2
12a_772	lower_bound	True	True	True	6	3	3	2	-4
12a_773	complete	True	True	True	4	2	2	1	-2
12a_774	complete	True	True	True	4	2	2	0	0
12a_775	complete	True	True	True	4	2	2	1	-2
12a_776	lower_bound	True	False	False	4	4	4	1	-2
12a_777	lower_bound	True	False	False	4	4	4	2	-4
12a_778	lower_bound	True	False	False	4	4	4	0	0
12a_78	lower_bound	True	False	False	6	4	4	-2	4
12a_780	lower_bound	True	False	False	4	3	3	2	-4
12a_784	lower_bound	True	False	False	4	4	4	0	0
12a_785	lower_bound	True	False	False	4	4	4	2	-4
12a_787	complete	True	True	True	4	2	2	0	0
12a_788	lower_bound	True	False	False	4	4	4	1	-2
12a_789	lower_bound	True	False	False	6	4	4	0	0
12a_79	lower_bound	True	False	False	6	4	4	0	0
12a_790	lower_bound	True	True	True	6	3	3	1	-2
12a_791	lower_bound	True	True	True	6	3	3	-1	2
12a_792	complete	True	True	True	4	2	2	0	0
12a_793	lower_bound	True	False	False	4	4	4	0	0
12a_794	lower_bound	True	False	False	6	4	4	3	-6
12a_795	lower_bound	True	True	True	6	3	3	2	-4
12a_796	lower_bound	True	True	True	6	3	3	2	-4
12a_797	complete	True	True	True	4	2	2	1	-2
12a_798	lower_bound	True	False	False	4	3	3	2	-4
12a_8	lower_bound	True	False	False	6	4	4	0	0
12a_80	lower_bound	True	False	False	6	4	4	0	0
12a_800	lower_bound	True	True	True	6	3	3	2	-4
12a_801	lower_bound	True	False	False	6	4	4	3	-6
12a_802	complete	True	True	True	4	2	2	1	-2
12a_803	complete	True	True	True	2	1	1	0	0
12a_804	lower_bound	True	False	False	4	4	4	2	-4
12a_805	lower_bound	True	False	False	6	5	5	-2	4
12a_806	lower_bound	True	False	False	4	4	4	-1	2
12a_807	lower_bound	True	False	False	4	4	4	-1	2
12a_808	lower_bound	True	False	False	4	3	3	0	0
12a_809	lower_bound	True	False	False	4	4	4	2	-4
12a_81	lower_bound	True	True	True	6	3	3	1	-2
12a_810	lower_bound	True	False	False	4	3	3	1	-2
12a_811	lower_bound	True	False	False	6	4	4	4	-8
12a_812	lower_bound	True	False	False	4	3	3	2	-4
12a_813	lower_bound	True	False	False	6	4	4	4	-8
12a_814	lower_bound	True	True	True	6	3	3	3	-6
12a_815	lower_bound	True	False	False	6	5	5	-1	2
12a_816	lower_bound	True	False	False	6	4	4	0	0
12a_817	lower_bound	True	False	False	6	4	4	4	-8
12a_818	lower_bound	True	False	False	4	4	4	1	-2
12a_819	lower_bound	True	False	False	6	5	5	0	0
12a_82	lower_bound	True	True	True	6	3	3	3	-6
12a_820	lower_bound	True	False	False	4	4	4	1	-2
12a_821	lower_bound	True	False	False	4	3	3	0	0
12a_822	lower_bound	True	False	False	6	4	4	3	-6
12a_823	lower_bound	True	True	True	6	3	3	2	-4
12a_824	lower_bound	True	False	False	6	5	5	-1	2
12a_825	lower_bound	True	False	False	6	4	4	0	0
12a_826	lower_bound	True	False	False	6	4	4	0	0
12a_827	lower_bound	True	True	True	6	3	3	1	-2
12a_828	lower_bound	True	False	False	4	3	3	3	-6
12a_829	lower_bound	True	False	False	4	4	4	3	-6
12a_83	lower_bound	True	True	True	6	3	3	2	-4
12a_830	lower_bound	True	False	False	4	4	4	0	0
12a_831	lower_bound	True	False	False	4	4	4	0	0
12a_832	lower_bound	True	False	False	4	4	4	3	-6
12a_833	lower_bound	True	False	False	4	4	4	1	-2
12a_834	lower_bound	True	False	False	4	3	3	0	0
12a_835	lower_bound	True	False	False	6	5	5	-1	2
12a_836	lower_bound	True	False	False	6	4	4	0	0
12a_837	lower_bound	True	False	False	6	4	4	0	0
12a_838	lower_bound	True	False	False	6	5	5	4	-8
12a_839	lower_bound	True	False	False	6	4	4	3	-6
12a_84	lower_bound	True	False	False	6	4	4	-1	2
12a_840	lower_bound	True	False	False	6	4	4	3	-6
12a_841	lower_bound	True	True	True	6	3	3	2	-4
12a_842	lower_bound	True	True	True	6	3	3	1	-2
12a_843	lower_bound	True	True	True	6	3	3	2	-4
12a_844	lower_bound	True	False	False	4	4	4	1	-2
12a_845	lower_bound	True	True	True	6	3	3	1	-2
12a_846	lower_bound	True	False	False	4	4	4	1	-2
12a_847	lower_bound	True	False	False	4	4	4	2	-4
12a_848	lower_bound	True	False	False	4	4	4	-2	4
12a_849	lower_bound	True	False	False	4	3	3	-1	2
12a_85	lower_bound	True	False	False	6	4	4	-2	4
12a_850	lower_bound	True	False	False	6	5	5	2	-4
12a_851	lower_bound	True	False	False	4	4	4	1	-2
12a_852	lower_bound	True	False	False	4	4	4	1	-2
12a_853	lower_bound	True	False	False	4	3	3	0	0
12a_854	lower_bound	True	False	False	4	3	3	0	0
12a_855	lower_bound	True	False	False	4	4	4	1	-2
12a_856	lower_bound	True	False	False	4	3	3	0	0
12a_857	lower_bound	True	False	False	4	4	4	-1	2
12a_858	lower_bound	True	False	False	4	3	3	0	0
12a_859	lower_bound	True	False	False	6	5	5	-3	6
12a_86	lower_bound	True	True	True	6	3	3	-1	2
12a_860	lower_bound	True	False	False	4	4	4	-2	4
12a_861	lower_bound	True	False	False	4	4	4	-2	4
12a_862	lower_bound	True	False	False	4	3	3	-1	2
12a_863	lower_bound	True	False	False	4	3	3	-1	2
12a_864	lower_bound	True	False	False	6	5	5	-1	2
12a_865	lower_bound	True	False	False	4	4	4	0	0
12a_866	lower_bound	True	False	False	4	4	4	-1	2
12a_867	lower_bound	True	False	False	4	4	4	0	0
12a_868	lower_bound	True	False	False	4	4	4	0	0
12a_869	lower_bound	True	False	False	6	5	5	-2	4
12a_87	lower_bound	True	False	False	6	4	4	-1	2
12a_870	lower_bound	True	False	False	4	4	4	-1	2
12a_871	lower_bound	True	False	False	4	4	4	-1	2
12a_872	lower_bound	True	False	False	4	3	3	0	0
12a_873	lower_bound	True	False	False	4	3	3	0	0
12a_874	lower_bound	True	False	False	4	4	4	-1	2
12a_875	lower_bound	True	False	False	4	3	3	1	-2
12a_876	lower_bound	True	False	False	6	4	4	4	-8
12a_877	lower_bound	True	True	True	6	3	3	3	-6
12a_878	lower_bound	True	False	False	6	5	5	-1	2
12a_879	lower_bound	True	False	False	6	4	4	0	0
12a_88	lower_bound	True	False	False	4	4	4	1	-2
12a_880	complete	True	True	True	4	2	2	2	-4
12a_881	lower_bound	True	False	False	6	4	4	-2	4
12a_882	lower_bound	True	True	True	6	3	3	-1	2
12a_883	lower_bound	True	False	False	4	3	3	0	0
12a_884	lower_bound	True	False	False	4	4	4	1	-2
12a_885	lower_bound	True	False	False	4	4	4	1	-2
12a_886	lower_bound	True	False	False	4	4	4	-1	2
12a_887	lower_bound	True	False	False	4	4	4	0	0
12a_888	lower_bound	True	False	False	4	4	4	1	-2
12a_889	lower_bound	True	False	False	4	4	4	-1	2
12a_89	lower_bound	True	True	True	6	3	3	-1	2
12a_890	lower_bound	True	False	False	4	3	3	0	0
12a_891	lower_bound	True	False	False	4	4	4	2	-4
12a_892	lower_bound	True	False	False	4	3	3	1	-2
12a_893	lower_bound	True	False	False	4	4	4	0	0
12a_894	lower_bound	True	False	False	4	4	4	0	0
12a_895	lower_bound	True	False	False	4	4	4	1	-2
12a_896	lower_bound	True	False	False	4	4	4	1	-2
12a_897	lower_bound	True	False	False	4	3	3	0	0
12a_898	lower_bound	True	False	False	6	5	5	-1	2
12a_899	lower_bound	True	False	False	4	4	4	0	0
12a_9	lower_bound	True	True	True	6	3	3	1	-2
12a_90	lower_bound	True	False	False	6	4	4	1	-2
12a_900	lower_bound	True	False	False	4	3	3	3	-6
12a_901	lower_bound	True	False	False	4	4	4	-1	2
12a_903	lower_bound	True	False	False	4	3	3	2	-4
12a_904	lower_bound	True	False	False	4	4	4	1	-2
12a_905	lower_bound	True	False	False	4	3	3	0	0
12a_906	lower_bound	True	False	False	4	4	4	0	0
12a_907	lower_bound	True	False	False	4	4	4	2	-4
12a_908	lower_bound	True	False	False	4	3	3	1	-2
12a_909	lower_bound	True	False	False	6	5	5	2	-4
12a_91	lower_bound	True	False	False	4	4	4	2	-4
12a_910	lower_bound	True	False	False	4	4	4	1	-2
12a_911	lower_bound	True	False	False	4	4	4	1	-2
12a_912	lower_bound	True	False	False	4	3	3	0	0
12a_913	lower_bound	True	False	False	4	4	4	1	-2
12a_914	lower_bound	True	False	False	4	3	3	-1	2
12a_916	lower_bound	True	False	False	6	5	5	-1	2
12a_917	lower_bound	True	False	False	4	4	4	0	0
12a_918	lower_bound	True	False	False	4	4	4	-1	2
12a_92	lower_bound	True	False	False	6	4	4	-1	2
12a_920	lower_bound	True	False	False	6	5	5	2	-4
12a_921	lower_bound	True	False	False	4	4	4	1	-2
12a_922	lower_bound	True	False	False	4	4	4	1	-2
12a_923	lower_bound	True	False	False	4	4	4	3	-6
12a_924	lower_bound	True	False	False	4	3	3	2	-4
12a_925	lower_bound	True	False	False	4	4	4	0	0
12a_926	lower_bound	True	False	False	4	4	4	1	-2
12a_927	lower_bound	True	False	False	4	3	3	0	0
12a_928	lower_bound	True	False	False	4	4	4	0	0
12a_929	lower_bound	True	False	False	4	4	4	1	-2
12a_93	lower_bound	True	False	False	6	4	4	4	-8
12a_930	lower_bound	True	False	False	4	4	4	3	-6
12a_931	lower_bound	True	False	False	4	3	3	2	-4
12a_932	lower_bound	True	False	False	4	4	4	1	-2
12a_933	lower_bound	True	False	False	4	4	4	-1	2
12a_934	lower_bound	True	False	False	4	4	4	1	-2
12a_935	lower_bound	True	False	False	4	4	4	0	0
12a_936	lower_bound	True	False	False	4	3	3	0	0
12a_937	lower_bound	True	False	False	6	4	4	3	-6
12a_938	lower_bound	True	True	True	6	3	3	2	-4
12a_94	lower_bound	True	True	True	6	3	3	3	-6
12a_941	lower_bound	True	False	False	4	4	4	1	-2
12a_942	lower_bound	True	False	False	4	3	3	0	0
12a_943	lower_bound	True	False	False	4	3	3	0	0
12a_944	lower_bound	True	False	False	4	4	4	0	0
12a_945	lower_bound	True	False	False	4	3	3	1	-2
12a_946	lower_bound	True	False	False	4	4	4	3	-6
12a_947	lower_bound	True	False	False	4	3	3	2	-4
12a_948	lower_bound	True	False	False	4	4	4	1	-2
12a_949	lower_bound	True	False	False	4	4	4	1	-2
12a_95	lower_bound	True	True	True	6	3	3	1	-2
12a_950	lower_bound	True	False	False	4	3	3	0	0
12a_951	lower_bound	True	False	False	4	4	4	-1	2
12a_952	lower_bound	True	False	False	4	4	4	3	-6
12a_953	lower_bound	True	False	False	4	3	3	2	-4
12a_954	lower_bound	True	False	False	4	4	4	1	-2
12a_955	lower_bound	True	False	False	4	3	3	0	0
12a_956	lower_bound	True	False	False	4	4	4	-2	4
12a_957	lower_bound	True	False	False	4	3	3	-1	2
12a_958	lower_bound	True	False	False	4	4	4	-2	4
12a_959	lower_bound	True	False	False	4	3	3	-1	2
12a_96	lower_bound	True	True	True	6	3	3	3	-6
12a_960	lower_bound	True	False	False	4	3	3	0	0
12a_961	lower_bound	True	False	False	4	4	4	0	0
12a_962	lower_bound	True	False	False	4	4	4	1	-2
12a_963	lower_bound	True	False	False	4	3	3	0	0
12a_964	lower_bound	True	False	False	4	4	4	-1	2
12a_965	lower_bound	True	False	False	4	4	4	0	0
12a_966	lower_bound	True	False	False	4	4	4	0	0
12a_967	lower_bound	True	False	False	4	3	3	-2	4
12a_968	lower_bound	True	False	False	4	4	4	0	0
12a_97	complete	True	True	True	4	2	2	2	-4
12a_970	lower_bound	True	False	False	4	4	4	-2	4
12a_971	lower_bound	True	False	False	4	3	3	-1	2
12a_972	lower_bound	True	False	False	4	4	4	-1	2
12a_973	lower_bound	True	False	False	4	3	3	3	-6
12a_977	lower_bound	True	False	False	4	4	4	3	-6
12a_978	lower_bound	True	False	False	4	3	3	2	-4
12a_979	lower_bound	True	False	False	4	4	4	0	0
12a_98	lower_bound	True	False	False	6	4	4	1	-2
12a_980	lower_bound	True	False	False	4	4	4	-2	4
12a_981	lower_bound	True	False	False	6	5	5	-1	2
12a_982	lower_bound	True	False	False	4	4	4	0	0
12a_983	lower_bound	True	False	False	4	3	3	2	-4
12a_984	lower_bound	True	False	False	6	5	5	-3	6
12a_985	lower_bound	True	False	False	4	4	4	-2	4
12a_986	lower_bound	True	False	False	4	4	4	0	0
12a_987	lower_bound	True	False	False	4	4	4	-2	4
12a_988	lower_bound	True	False	False	4	4	4	-2	4
12a_989	lower_bound	True	False	False	4	3	3	-1	2
12a_99	lower_bound	True	False	False	6	4	4	0	0
12a_990	lower_bound	True	False	False	4	4	4	0	0
12a_991	lower_bound	True	False	False	4	4	4	-2	4
12a_992	lower_bound	True	False	False	4	4	4	0	0
12a_993	lower_bound	True	False	False	4	4	4	0	0
12a_994	lower_bound	True	False	False	4	4	4	1	-2
12a_995	lower_bound	True	False	False	4	3	3	3	-6
12a_997	lower_bound	True	False	False	4	4	4	1	-2
12a_998	lower_bound	True	False	False	4	4	4	1	-2
12a_999	lower_bound	True	False	False	6	5	5	-1	2
12n_1	lower_bound	True	True	True	6	3	3	0	0
12n_10	lower_bound	True	True	True	6	3	3	0	2
12n_100	lower_bound	True	False	False	4	3	3	3	-6
12n_101	lower_bound	True	False	False	4	3	3	0	0
12n_102	lower_bound	True	False	False	4	3	3	2	-4
12n_103	lower_bound	True	False	False	6	4	4	3	-6
12n_104	lower_bound	True	False	False	6	4	4	-2	4
12n_105	lower_bound	True	False	False	6	4	4	4	-6
12n_106	lower_bound	True	False	False	6	4	4	0	0
12n_107	lower_bound	True	False	False	6	4	4	3	-6
12n_108	lower_bound	True	True	True	6	3	3	2	-4
12n_109	lower_bound	True	True	True	6	3	3	-1	2
12n_11	complete	True	True	True	4	2	2	0	0
12n_110	lower_bound	True	True	True	6	3	3	3	-4
12n_111	lower_bound	True	True	True	6	3	3	1	-2
12n_112	lower_bound	True	True	True	6	3	3	2	-4
12n_113	lower_bound	True	False	False	6	4	4	-2	4
12n_114	lower_bound	True	False	False	6	4	4	3	-6
12n_115	lower_bound	True	False	False	6	4	4	-1	2
12n_116	lower_bound	True	True	True	6	3	3	-1	2
12n_117	lower_bound	True	True	True	6	3	3	2	-4
12n_118	lower_bound	True	True	True	6	3	3	0	2
12n_119	lower_bound	True	True	True	6	3	3	1	-4
12n_12	lower_bound	True	True	True	6	3	3	1	-2
12n_120	lower_bound	True	True	True	6	3	3	-2	2
12n_121	complete	True	True	True	4	2	2	-1	0
12n_122	lower_bound	True	False	False	4	4	4	1	-2
12n_123	lower_bound	True	False	False	4	3	3	2	-4
12n_124	lower_bound	True	True	True	4	1	2	0	2
12n_125	lower_bound	True	False	False	4	4	4	2	-4
12n_126	lower_bound	True	False	False	4	3	3	1	-2
12n_127	lower_bound	True	False	False	4	4	4	1	-2
12n_128	lower_bound	True	False	False	4	3	3	2	-4
12n_129	lower_bound	True	True	True	4	1	3	0	2
12n_13	complete	True	True	True	4	2	2	0	0
12n_130	lower_bound	True	True	True	6	3	3	0	0
12n_131	lower_bound	True	True	True	6	3	3	1	-2
12n_132	complete	True	True	True	4	2	3	0	0
12n_133	lower_bound	True	True	True	6	3	3	3	-6
12n_134	lower_bound	True	False	False	6	4	4	3	-6
12n_135	lower_bound	True	False	False	4	4	4	-2	4
12n_136	lower_bound	True	False	False	6	4	4	4	-6
12n_137	lower_bound	True	False	False	6	4	4	0	0
12n_138	lower_bound	True	False	False	6	4	4	3	-6
12n_139	lower_bound	True	False	False	4	4	4	2	-4
12n_14	lower_bound	True	True	True	6	3	3	0	0
12n_140	lower_bound	True	False	False	4	3	3	1	-2
12n_141	lower_bound	True	False	False	4	3	3	0	0
12n_142	lower_bound	True	True	True	6	3	3	1	-2
12n_143	lower_bound	True	True	True	6	3	3	1	-4
12n_144	lower_bound	True	True	True	6	3	3	-1	2
12n_145	complete	True	True	True	4	2	2	0	0
12n_146	complete	True	True	True	4	2	2	-1	2
12n_147	lower_bound	True	True	True	6	3	3	1	-2
12n_148	lower_bound	True	True	True	6	3	3	-3	4
12n_149	complete	True	True	True	4	2	2	-2	4
12n_15	lower_bound	True	True	True	6	3	3	-1	2
12n_150	lower_bound	True	False	False	6	4	4	2	-4
12n_151	lower_bound	True	True	True	6	3	3	1	-2
12n_152	lower_bound	True	True	True	6	3	3	0	0
12n_153	lower_bound	True	False	False	6	4	4	4	-8
12n_154	lower_bound	True	True	True	6	3	3	-1	2
12n_155	lower_bound	True	True	True	6	3	3	2	-4
12n_156	lower_bound	True	False	False	6	4	4	2	-4
12n_157	lower_bound	True	True	True	6	3	3	1	-2
12n_158	lower_bound	True	True	True	6	3	3	0	0
12n_159	lower_bound	True	True	True	6	3	3	-1	2
12n_16	lower_bound	True	False	False	6	4	4	2	-4
12n_160	lower_bound	True	True	True	6	3	3	0	0
12n_161	lower_bound	True	True	True	6	3	3	1	-2
12n_162	lower_bound	True	True	True	6	3	3	0	0
12n_163	lower_bound	True	False	False	6	4	4	3	-6
12n_164	lower_bound	True	True	True	6	3	3	0	0
12n_165	lower_bound	True	True	True	6	3	3	1	-2
12n_166	lower_bound	True	False	False	6	4	4	4	-8
12n_167	lower_bound	True	True	True	6	3	3	-1	2
12n_168	lower_bound	True	True	True	6	3	3	2	-4
12n_169	lower_bound	True	True	True	6	3	3	3	-6
12n_17	lower_bound	True	True	True	6	3	3	-1	2
12n_170	complete	True	True	True	4	2	2	0	0
12n_171	complete	True	True	True	4	2	2	1	-2
12n_172	lower_bound	True	False	False	6	4	4	3	-6
12n_173	lower_bound	True	False	False	4	4	4	1	-2
12n_174	lower_bound	True	False	False	4	4	4	0	0
12n_175	lower_bound	True	False	False	4	4	4	2	-2
12n_176	lower_bound	True	True	True	4	2	2	1	-2
12n_177	lower_bound	True	True	True	6	3	3	3	-6
12n_178	lower_bound	True	True	True	6	3	3	0	0
12n_179	lower_bound	True	True	True	6	3	3	2	-4
12n_18	lower_bound	True	True	True	6	3	3	0	0
12n_180	lower_bound	True	True	True	6	3	3	0	0
12n_181	lower_bound	True	True	True	6	3	3	1	-2
12n_182	lower_bound	True	False	False	6	4	4	1	-2
12n_183	lower_bound	True	True	True	6	3	3	2	-4
12n_184	lower_bound	True	True	True	6	3	3	-1	2
12n_185	lower_bound	True	False	False	6	4	4	3	-6
12n_186	lower_bound	True	False	False	6	4	4	-2	4
12n_187	lower_bound	True	False	False	6	4	4	4	-6
12n_188	lower_bound	True	False	False	6	4	4	2	-4
12n_189	lower_bound	True	False	False	6	4	4	1	-2
12n_19	lower_bound	True	True	True	6	3	3	0	0
12n_190	lower_bound	True	False	False	6	4	4	-2	4
12n_191	lower_bound	True	False	False	6	4	4	3	-6
12n_192	lower_bound	True	False	False	6	4	4	-1	2
12n_193	lower_bound	True	True	True	6	3	3	-1	2
12n_194	lower_bound	True	True	True	6	3	3	2	-4
12n_195	lower_bound	True	True	True	6	3	3	-1	2
12n_196	lower_bound	True	True	True	6	3	3	2	-4
12n_197	lower_bound	True	True	True	6	3	3	1	-2
12n_198	lower_bound	True	True	True	6	3	3	0	-2
12n_199	lower_bound	True	True	True	6	3	3	-2	2
12n_2	lower_bound	True	False	False	6	4	4	1	-2
12n_20	lower_bound	True	True	True	6	3	3	0	2
12n_200	complete	True	True	True	4	2	2	-1	0
12n_201	lower_bound	True	False	False	4	3	3	2	-4
12n_202	lower_bound	True	False	False	4	3	3	-1	2
12n_203	lower_bound	True	False	False	4	3	3	3	-6
12n_204	lower_bound	True	False	False	4	3	3	2	-4
12n_205	lower_bound	True	False	False	4	4	4	2	-4
12n_206	lower_bound	True	False	False	4	4	4	-1	2
12n_207	lower_bound	True	False	False	4	4	4	3	-4
12n_208	lower_bound	True	False	False	4	3	3	-1	2
12n_209	lower_bound	True	False	False	4	3	3	2	-4
12n_21	lower_bound	True	False	False	4	3	3	1	-2
12n_210	lower_bound	True	False	False	4	3	3	0	0
12n_211	lower_bound	True	True	True	6	3	3	1	-2
12n_212	lower_bound	True	False	False	4	3	3	-1	2
12n_213	lower_bound	True	False	False	4	3	3	2	-4
12n_214	lower_bound	True	False	False	4	3	3	0	0
12n_215	lower_bound	True	True	True	6	3	3	2	-4
12n_216	lower_bound	True	True	True	6	3	3	-1	2
12n_217	lower_bound	True	True	True	6	3	3	3	-4
12n_218	lower_bound	True	True	True	6	3	3	-1	0
12n_219	lower_bound	True	False	False	6	4	4	1	-2
12n_22	lower_bound	True	False	False	4	4	4	0	0
12n_220	lower_bound	True	False	False	6	4	4	3	-4
12n_221	complete	True	True	True	4	2	3	0	0
12n_222	lower_bound	True	True	True	6	3	3	2	-4
12n_223	lower_bound	True	True	True	6	3	3	1	-2
12n_224	lower_bound	True	True	True	6	3	3	0	0
12n_225	complete	True	True	True	4	2	2	1	-2
12n_226	lower_bound	True	False	False	4	4	4	2	-4
12n_227	lower_bound	True	False	False	4	4	4	-1	2
12n_228	lower_bound	True	False	False	4	4	4	3	-4
12n_229	lower_bound	True	False	False	6	4	4	3	-6
12n_23	lower_bound	True	True	True	4	1	2	0	0
12n_230	lower_bound	True	True	True	6	3	3	1	-2
12n_231	lower_bound	True	True	True	4	2	3	-1	2
12n_232	lower_bound	True	True	True	4	2	2	-1	2
12n_233	lower_bound	True	False	False	6	4	4	-2	4
12n_234	lower_bound	True	False	False	6	4	4	3	-6
12n_235	lower_bound	True	False	False	6	4	4	-2	4
12n_236	lower_bound	True	True	True	6	3	3	-1	2
12n_237	lower_bound	True	True	True	6	3	3	2	-4
12n_238	lower_bound	True	True	True	6	3	3	-1	2
12n_239	lower_bound	True	True	True	6	3	3	-1	2
12n_24	lower_bound	True	True	True	6	3	3	0	0
12n_240	lower_bound	True	True	True	6	3	3	2	-4
12n_241	lower_bound	True	True	True	6	3	3	-1	2
12n_242	lower_bound	True	False	False	6	5	5	5	-8
12n_243	lower_bound	True	False	False	6	4	4	4	-8
12n_244	lower_bound	True	False	False	6	4	4	4	-8
12n_245	lower_bound	True	True	True	6	3	3	3	-6
12n_246	complete	True	True	True	4	2	2	0	0
12n_247	complete	True	True	True	4	2	2	1	-2
12n_248	complete	True	True	True	4	2	2	0	0
12n_249	complete	True	True	True	4	2	2	1	-2
12n_25	complete	True	True	True	4	2	2	0	2
12n_250	complete	True	True	True	4	2	2	0	0
12n_251	lower_bound	True	True	True	6	3	3	3	-6
12n_252	lower_bound	True	False	False	4	3	3	0	0
12n_253	lower_bound	True	False	False	4	3	3	-1	2
12n_254	lower_bound	True	False	False	4	3	3	2	-4
12n_255	lower_bound	True	False	False	4	3	3	1	-2
12n_256	lower_bound	True	True	True	4	2	3	0	0
12n_257	lower_bound	True	True	True	4	2	3	0	0
12n_258	lower_bound	True	True	True	4	2	2	0	-2
12n_259	lower_bound	True	False	False	4	3	3	3	-6
12n_26	lower_bound	True	False	False	4	3	3	0	0
12n_260	complete	True	True	True	4	2	2	-1	0
12n_261	lower_bound	True	False	False	6	4	4	2	-4
12n_262	lower_bound	True	False	False	4	3	3	0	0
12n_263	lower_bound	True	False	False	4	3	3	1	-2
12n_264	lower_bound	True	True	True	4	2	3	0	0
12n_265	lower_bound	True	False	False	4	3	3	0	-2
12n_266	lower_bound	True	False	False	4	3	3	0	0
12n_267	lower_bound	True	True	True	4	2	3	1	-2
12n_268	complete	True	True	True	3	1	2	0	0
12n_269	lower_bound	True	True	True	6	3	3	0	0
12n_27	lower_bound	True	False	False	4	4	4	1	-2
12n_270	complete	True	True	True	4	2	2	-1	2
12n_271	lower_bound	True	True	True	6	3	3	0	0
12n_272	lower_bound	True	True	True	6	3	3	-1	2
12n_273	lower_bound	True	True	True	6	3	3	1	-4
12n_274	complete	True	True	True	4	2	2	1	-2
12n_275	complete	True	True	True	4	2	2	0	0
12n_276	lower_bound	True	True	True	6	3	3	-3	4
12n_277	lower_bound	True	True	True	6	3	3	1	-2
12n_278	complete	True	True	True	4	2	2	0	0
12n_279	lower_bound	True	True	True	4	2	2	0	0
12n_28	lower_bound	True	True	True	4	2	3	0	0
12n_280	lower_bound	True	False	False	4	3	3	1	-2
12n_281	lower_bound	True	False	False	4	3	3	0	0
12n_282	lower_bound	True	True	True	4	2	2	-1	0
12n_283	lower_bound	True	False	False	4	4	4	1	-2
12n_284	lower_bound	True	False	False	4	3	3	0	0
12n_285	lower_bound	True	False	False	4	3	3	1	-2
12n_286	complete	True	True	True	4	2	2	0	0
12n_287	lower_bound	True	False	False	4	4	4	-1	2
12n_288	complete	True	True	True	4	2	2	0	0
12n_289	lower_bound	True	True	True	6	3	3	3	-6
12n_29	lower_bound	True	False	False	4	3	3	1	-2
12n_290	lower_bound	True	True	True	6	3	3	2	-4
12n_291	lower_bound	True	True	True	6	3	3	-1	2
12n_292	lower_bound	True	False	False	6	4	4	4	-8
12n_293	complete	True	True	True	4	1	2	2	-2
12n_294	lower_bound	True	False	False	6	4	4	2	-4
12n_295	lower_bound	True	True	True	6	3	3	-1	2
12n_296	lower_bound	True	False	False	6	4	4	2	-4
12n_297	lower_bound	True	True	True	6	3	3	1	-2
12n_298	lower_bound	True	False	False	4	3	3	0	0
12n_299	lower_bound	True	False	False	4	3	3	2	-4
12n_3	lower_bound	True	True	True	6	3	3	0	0
12n_30	lower_bound	True	False	False	4	4	4	0	0
12n_300	lower_bound	True	True	True	6	3	3	0	0
12n_301	lower_bound	True	False	False	6	4	4	1	-2
12n_302	lower_bound	True	True	True	6	3	3	1	-2
12n_303	lower_bound	True	True	True	6	3	3	2	-4
12n_304	lower_bound	True	True	True	6	3	3	-1	2
12n_305	lower_bound	True	False	False	6	4	4	4	-8
12n_306	complete	True	True	True	4	2	2	1	-2
12n_307	complete	True	True	True	4	2	2	0	0
12n_308	lower_bound	True	True	True	6	3	3	3	-6
12n_309	lower_bound	True	True	True	6	3	3	0	0
12n_31	lower_bound	True	True	True	4	1	3	0	0
12n_310	complete	True	True	True	4	2	2	1	0
12n_311	lower_bound	True	True	True	4	2	2	-1	2
12n_312	lower_bound	True	False	False	4	3	3	0	0
12n_313	complete	True	True	True	3	0	2	0	0
12n_314	lower_bound	True	False	False	4	3	3	0	2
12n_315	lower_bound	True	False	False	4	3	3	0	0
12n_316	lower_bound	True	False	False	4	3	3	2	-4
12n_317	lower_bound	True	True	True	6	3	3	0	0
12n_318	lower_bound	True	False	False	4	3	3	0	0
12n_319	lower_bound	True	False	False	4	3	3	2	-4
12n_32	lower_bound	True	False	False	4	3	3	0	0
12n_320	lower_bound	True	False	False	4	3	3	0	0
12n_321	lower_bound	True	True	True	4	1	2	2	-2
12n_322	complete	True	True	True	4	2	2	0	-2
12n_323	lower_bound	True	True	True	4	2	2	0	0
12n_324	lower_bound	True	True	True	4	2	2	1	-2
12n_325	lower_bound	True	False	False	4	3	3	0	0
12n_326	lower_bound	True	False	False	4	4	4	2	-4
12n_327	lower_bound	True	False	False	4	4	4	-2	4
12n_328	lower_bound	True	False	False	4	4	4	4	-6
12n_329	lower_bound	True	True	True	6	3	3	-3	4
12n_33	lower_bound	True	False	False	4	4	4	1	-2
12n_330	lower_bound	True	True	True	6	3	3	1	-2
12n_331	lower_bound	True	True	True	6	3	3	-2	4
12n_332	complete	True	True	True	4	2	2	-2	4
12n_333	complete	True	True	True	4	2	2	0	0
12n_334	complete	True	True	True	4	2	2	-1	2
12n_335	lower_bound	True	True	True	6	3	3	1	-2
12n_336	lower_bound	True	True	True	6	3	3	-1	4
12n_337	lower_bound	True	True	True	6	3	3	-1	2
12n_338	lower_bound	True	False	False	6	4	4	4	-8
12n_339	lower_bound	True	True	True	6	3	3	1	-2
12n_34	lower_bound	True	True	True	4	2	2	0	0
12n_340	lower_bound	True	True	True	6	3	3	0	0
12n_341	lower_bound	True	True	True	6	3	3	3	-6
12n_342	complete	True	True	True	4	2	2	0	0
12n_343	complete	True	True	True	4	2	2	1	-2
12n_344	lower_bound	True	False	False	6	4	4	-2	4
12n_345	lower_bound	True	False	False	6	4	4	1	-2
12n_346	lower_bound	True	False	False	6	4	4	1	0
12n_347	lower_bound	True	True	True	6	3	3	-1	2
12n_348	lower_bound	True	False	False	4	3	3	-1	2
12n_349	lower_bound	True	False	False	4	3	3	-2	4
12n_35	lower_bound	True	True	True	6	3	3	0	0
12n_350	lower_bound	True	False	False	4	3	3	-1	2
12n_351	lower_bound	True	False	False	4	3	3	0	-2
12n_352	lower_bound	True	False	False	4	3	3	0	-2
12n_353	lower_bound	True	False	False	4	3	3	-1	2
12n_354	lower_bound	True	False	False	4	3	3	0	2
12n_355	lower_bound	True	False	False	4	3	3	-1	2
12n_356	lower_bound	True	False	False	4	3	3	0	0
12n_357	lower_bound	True	False	False	4	3	3	1	-2
12n_358	lower_bound	True	True	True	4	2	2	-1	2
12n_36	lower_bound	True	True	True	6	3	3	-1	2
12n_360	lower_bound	True	True	True	4	2	2	0	0
12n_361	lower_bound	True	False	False	4	3	3	2	-4
12n_362	lower_bound	True	False	False	4	3	3	0	2
12n_363	lower_bound	True	False	False	4	3	3	-1	2
12n_364	lower_bound	True	False	False	4	3	3	1	-2
12n_365	lower_bound	True	False	False	4	3	3	-1	2
12n_366	lower_bound	True	False	False	4	3	3	-3	4
12n_367	lower_bound	True	False	False	4	3	3	0	0
12n_368	lower_bound	True	False	False	4	4	4	3	-6
12n_369	lower_bound	True	False	False	4	4	4	1	-2
12n_37	lower_bound	True	False	False	6	4	4	2	-4
12n_370	lower_bound	True	False	False	4	3	3	1	0
12n_371	lower_bound	True	False	False	4	3	3	1	-2
12n_372	lower_bound	True	False	False	4	3	3	1	-2
12n_373	lower_bound	True	False	False	4	3	3	2	-4
12n_374	lower_bound	True	False	False	4	4	4	4	-6
12n_375	lower_bound	True	False	False	4	3	3	2	-4
12n_376	lower_bound	True	False	False	4	4	4	1	-2
12n_377	lower_bound	True	False	False	4	3	3	0	2
12n_378	lower_bound	True	False	False	4	3	3	-1	2
12n_379	lower_bound	True	True	True	6	3	3	-1	2
12n_38	lower_bound	True	True	True	6	3	3	-1	2
12n_380	lower_bound	True	True	True	6	3	3	0	0
12n_381	lower_bound	True	True	True	4	2	2	1	-2
12n_382	lower_bound	True	True	True	4	2	2	1	-2
12n_383	lower_bound	True	True	True	4	2	2	1	-2
12n_384	lower_bound	True	False	False	4	3	3	2	-4
12n_385	lower_bound	True	False	False	4	3	3	0	0
12n_386	lower_bound	True	False	False	6	4	4	4	-8
12n_387	lower_bound	True	False	False	6	4	4	3	-6
12n_388	lower_bound	True	True	True	6	3	3	0	0
12n_389	lower_bound	True	True	True	6	3	3	1	-2
12n_39	lower_bound	True	True	True	6	3	3	0	0
12n_390	lower_bound	True	False	False	4	3	3	1	-2
12n_391	lower_bound	True	False	False	4	3	3	-1	2
12n_392	lower_bound	True	False	False	4	3	3	1	-2
12n_393	lower_bound	True	True	True	4	2	2	0	0
12n_394	lower_bound	True	True	True	4	2	2	0	0
12n_395	lower_bound	True	False	False	4	3	3	-2	4
12n_396	lower_bound	True	False	False	4	3	3	-1	2
12n_397	lower_bound	True	False	False	4	3	3	0	0
12n_398	lower_bound	True	False	False	4	3	3	-2	4
12n_399	lower_bound	True	False	False	4	3	3	0	0
12n_4	lower_bound	True	True	True	6	3	3	0	0
12n_40	lower_bound	True	False	False	6	4	4	1	-2
12n_400	lower_bound	True	False	False	4	3	3	-1	2
12n_401	lower_bound	True	False	False	4	3	3	1	-2
12n_402	lower_bound	True	True	True	6	3	3	-3	4
12n_403	lower_bound	True	False	False	4	3	3	-1	4
12n_404	complete	True	True	True	4	2	2	-2	2
12n_405	lower_bound	True	False	False	4	4	4	2	-4
12n_406	lower_bound	True	False	False	4	3	3	3	-6
12n_407	lower_bound	True	False	False	4	3	3	2	-4
12n_408	lower_bound	True	False	False	4	3	3	0	0
12n_409	lower_bound	True	False	False	4	3	3	-1	2
12n_41	lower_bound	True	True	True	6	3	3	0	2
12n_410	lower_bound	True	False	False	4	3	3	1	-2
12n_411	lower_bound	True	True	True	4	1	2	-1	2
12n_412	lower_bound	True	False	False	4	3	3	-1	2
12n_413	lower_bound	True	False	False	4	3	3	1	-2
12n_414	lower_bound	True	True	True	4	2	2	0	0
12n_415	lower_bound	True	False	False	4	3	3	1	-2
12n_416	lower_bound	True	False	False	4	4	4	2	-4
12n_417	lower_bound	True	False	False	6	4	4	4	-6
12n_418	lower_bound	True	False	False	4	4	4	3	-6
12n_419	lower_bound	True	False	False	4	4	4	3	-6
12n_42	lower_bound	True	True	True	6	3	3	1	-2
12n_420	lower_bound	True	False	False	4	3	3	0	0
12n_421	lower_bound	True	False	False	4	3	3	0	0
12n_422	lower_bound	True	False	False	4	3	3	0	0
12n_423	lower_bound	True	False	False	4	3	3	0	2
12n_424	lower_bound	True	False	False	4	4	4	1	-2
12n_425	lower_bound	True	False	False	4	4	4	-2	4
12n_426	lower_bound	True	False	False	4	4	4	4	-6
12n_427	lower_bound	True	False	False	4	4	4	2	-4
12n_428	lower_bound	True	False	False	4	4	4	3	-6
12n_429	lower_bound	True	True	True	4	2	2	-1	2
12n_43	lower_bound	True	False	False	6	4	4	0	0
12n_430	complete	True	True	True	3	0	2	0	0
12n_431	lower_bound	True	False	False	4	3	3	0	0
12n_432	lower_bound	True	True	True	4	2	2	-2	4
12n_433	lower_bound	True	False	False	4	3	3	-2	2
12n_434	lower_bound	True	False	False	4	3	3	0	0
12n_435	lower_bound	True	False	False	4	3	3	0	0
12n_436	lower_bound	True	False	False	4	3	3	-2	4
12n_437	lower_bound	True	True	True	6	3	3	0	0
12n_438	lower_bound	True	False	False	4	3	3	1	-4
12n_439	lower_bound	True	False	False	4	3	3	-1	2
12n_44	lower_bound	True	True	True	6	3	3	1	-2
12n_440	lower_bound	True	False	False	4	3	3	0	0
12n_441	lower_bound	True	False	False	4	3	3	2	-4
12n_442	lower_bound	True	True	True	4	2	2	0	-2
12n_443	lower_bound	True	True	True	4	2	2	0	0
12n_444	complete	True	True	True	4	2	2	1	-2
12n_445	lower_bound	True	False	False	4	3	3	2	-4
12n_446	lower_bound	True	False	False	4	3	3	1	-2
12n_447	lower_bound	True	True	True	6	3	3	0	0
12n_448	lower_bound	True	False	False	4	4	4	0	0
12n_449	lower_bound	True	False	False	4	3	3	0	-2
12n_45	lower_bound	True	True	True	6	3	3	1	0
12n_450	lower_bound	True	False	False	4	3	3	1	-2
12n_451	lower_bound	True	False	False	4	3	3	-1	2
12n_452	lower_bound	True	True	True	4	2	2	1	-2
12n_453	lower_bound	True	False	False	4	3	3	3	-6
12n_454	lower_bound	True	True	True	6	3	3	-1	2
12n_455	lower_bound	True	True	True	6	3	3	2	-4
12n_456	lower_bound	True	True	True	6	3	3	0	0
12n_457	complete	True	True	True	4	1	2	-1	2
12n_458	lower_bound	True	False	False	4	4	4	0	0
12n_459	lower_bound	True	False	False	4	4	4	2	-4
12n_46	complete	True	True	True	4	2	2	0	0
12n_460	lower_bound	True	False	False	4	3	3	-1	2
12n_461	lower_bound	True	False	False	4	3	3	0	0
12n_462	lower_bound	True	True	True	4	2	2	0	0
12n_463	lower_bound	True	False	False	4	3	3	0	0
12n_464	lower_bound	True	True	True	4	2	2	1	-2
12n_465	lower_bound	True	False	False	4	4	4	1	-2
12n_466	lower_bound	True	False	False	6	4	4	-2	4
12n_467	lower_bound	True	False	False	6	4	4	1	-2
12n_468	lower_bound	True	False	False	6	4	4	0	0
12n_469	lower_bound	True	True	True	6	3	3	-1	2
12n_47	lower_bound	True	True	True	6	3	3	1	-2
12n_470	lower_bound	True	True	True	6	3	3	0	0
12n_471	lower_bound	True	True	True	6	3	3	1	-2
12n_472	lower_bound	True	False	False	6	5	5	5	-8
12n_473	lower_bound	True	False	False	6	4	4	4	-8
12n_474	lower_bound	True	False	False	6	4	4	4	-8
12n_475	lower_bound	True	True	True	6	3	3	0	2
12n_476	lower_bound	True	True	True	6	3	3	2	-4
12n_477	lower_bound	True	True	True	6	3	3	3	-6
12n_478	complete	True	True	True	4	2	2	0	0
12n_479	complete	True	True	True	4	2	2	1	-2
12n_48	complete	True	True	True	4	2	2	0	0
12n_480	lower_bound	True	False	False	4	3	3	0	0
12n_481	lower_bound	True	False	False	4	3	3	0	0
12n_482	lower_bound	True	False	False	4	3	3	0	0
12n_483	lower_bound	True	True	True	4	2	2	0	-2
12n_484	lower_bound	True	False	False	4	3	3	1	-2
12n_485	lower_bound	True	False	False	4	3	3	1	-2
12n_486	lower_bound	True	False	False	4	3	3	-1	2
12n_487	lower_bound	True	False	False	4	3	3	1	-2
12n_488	lower_bound	True	False	False	4	3	3	0	0
12n_489	lower_bound	True	False	False	4	3	3	1	-2
12n_49	complete	True	True	True	4	2	2	0	0
12n_490	lower_bound	True	True	True	4	2	2	0	0
12n_491	lower_bound	True	False	False	4	3	3	0	0
12n_492	lower_bound	True	False	False	4	3	3	0	0
12n_493	lower_bound	True	False	False	4	3	3	0	0
12n_494	lower_bound	True	False	False	6	4	4	2	-4
12n_495	lower_bound	True	True	True	6	3	3	-1	2
12n_496	lower_bound	True	True	True	6	3	3	2	-4
12n_497	lower_bound	True	True	True	6	3	3	0	0
12n_498	lower_bound	True	True	True	4	2	2	1	-2
12n_499	lower_bound	True	False	False	4	3	3	-1	0
12n_5	lower_bound	True	True	True	6	3	3	-1	2
12n_50	lower_bound	True	True	True	6	3	3	1	-2
12n_500	lower_bound	True	True	True	6	3	3	-1	2
12n_501	complete	True	True	True	4	2	2	0	0
12n_502	lower_bound	True	False	False	6	4	4	4	-8
12n_503	lower_bound	True	True	True	6	3	3	3	-6
12n_504	lower_bound	True	False	False	4	4	4	0	0
12n_505	lower_bound	True	False	False	4	3	3	-1	2
12n_506	lower_bound	True	False	False	4	3	3	1	-2
12n_507	lower_bound	True	False	False	4	3	3	-1	2
12n_508	lower_bound	True	False	False	6	4	4	2	-4
12n_509	lower_bound	True	False	False	4	4	4	2	-4
12n_51	complete	True	True	True	3	1	2	0	0
12n_510	lower_bound	True	False	False	4	3	3	-2	4
12n_511	lower_bound	True	False	False	4	3	3	0	0
12n_512	lower_bound	True	False	False	4	3	3	-1	2
12n_513	lower_bound	True	False	False	4	3	3	2	-4
12n_514	lower_bound	True	False	False	4	3	3	-1	2
12n_515	lower_bound	True	False	False	4	3	3	2	-4
12n_516	lower_bound	True	False	False	4	3	3	2	-4
12n_517	lower_bound	True	False	False	4	4	4	0	0
12n_518	lower_bound	True	False	False	6	4	4	4	-6
12n_519	lower_bound	True	True	True	4	1	2	0	2
12n_52	lower_bound	True	True	True	6	3	3	-1	2
12n_520	lower_bound	True	True	True	4	2	2	-1	2
12n_521	lower_bound	True	False	False	4	4	4	1	-2
12n_522	lower_bound	True	True	True	6	3	3	-1	2
12n_523	complete	True	True	True	4	2	2	-1	0
12n_526	lower_bound	True	False	False	4	4	4	2	-4
12n_527	lower_bound	True	False	False	4	3	3	2	-4
12n_528	lower_bound	True	False	False	4	3	3	-3	4
12n_529	lower_bound	True	False	False	4	3	3	1	-2
12n_53	complete	True	True	True	4	2	2	0	0
12n_530	lower_bound	True	False	False	4	3	3	1	-2
12n_531	lower_bound	True	False	False	4	4	4	0	0
12n_532	lower_bound	True	False	False	4	3	3	0	0
12n_533	lower_bound	True	False	False	4	4	4	1	-2
12n_534	lower_bound	True	False	False	4	3	3	0	0
12n_535	lower_bound	True	True	True	4	2	2	-1	2
12n_536	lower_bound	True	False	False	4	3	3	0	0
12n_537	lower_bound	True	False	False	4	3	3	1	-2
12n_538	lower_bound	True	False	False	4	4	4	2	-4
12n_539	lower_bound	True	False	False	4	4	4	1	-2
12n_54	lower_bound	True	True	True	6	3	3	-1	4
12n_540	lower_bound	True	False	False	4	3	3	1	-2
12n_541	lower_bound	True	False	False	4	3	3	-1	2
12n_542	lower_bound	True	False	False	4	3	3	-1	2
12n_543	lower_bound	True	False	False	4	3	3	-1	2
12n_544	lower_bound	True	False	False	4	3	3	1	-2
12n_545	lower_bound	True	False	False	4	3	3	2	-4
12n_546	lower_bound	True	True	True	6	3	3	-1	2
12n_547	complete	True	True	True	4	2	2	0	0
12n_548	lower_bound	True	False	False	4	3	3	0	0
12n_549	lower_bound	True	False	False	4	3	3	2	-2
12n_55	lower_bound	True	True	True	6	3	3	1	-2
12n_550	complete	True	True	True	4	2	2	0	0
12n_551	lower_bound	True	False	False	4	3	3	2	-4
12n_552	lower_bound	True	False	False	4	3	3	0	0
12n_553	complete	True	True	True	4	2	2	0	0
12n_554	complete	True	True	True	4	2	2	-1	2
12n_555	lower_bound	True	True	True	6	3	3	-1	2
12n_556	complete	True	True	True	4	2	2	0	0
12n_557	lower_bound	True	False	False	4	3	3	2	-4
12n_558	lower_bound	True	True	True	6	3	3	1	-2
12n_559	lower_bound	True	True	True	6	3	3	2	-4
12n_56	complete	True	True	True	4	2	3	0	0
12n_560	lower_bound	True	False	False	4	3	3	0	0
12n_561	complete	True	True	True	4	2	2	1	-2
12n_562	complete	True	True	True	4	2	2	1	-2
12n_563	lower_bound	True	True	True	4	2	2	1	-2
12n_564	complete	True	True	True	4	2	2	-1	2
12n_565	lower_bound	True	True	True	6	3	3	-2	4
12n_566	complete	True	True	True	4	2	2	-1	2
12n_567	lower_bound	True	False	False	4	3	3	0	0
12n_568	lower_bound	True	False	False	4	3	3	1	-2
12n_569	lower_bound	True	False	False	4	3	3	-1	2
12n_57	complete	True	True	True	4	2	2	0	0
12n_570	lower_bound	True	False	False	6	4	4	-2	4
12n_571	lower_bound	True	False	False	6	4	4	-1	2
12n_572	lower_bound	True	True	True	6	3	3	-1	2
12n_573	lower_bound	True	True	True	6	3	3	0	0
12n_574	lower_bound	True	False	False	6	5	5	5	-8
12n_575	lower_bound	True	False	False	6	4	4	4	-6
12n_576	lower_bound	True	False	False	6	4	4	4	-8
12n_577	lower_bound	True	True	True	6	3	3	1	-2
12n_578	lower_bound	True	True	True	6	3	3	0	0
12n_579	lower_bound	True	False	False	4	3	3	0	0
12n_58	lower_bound	True	True	True	6	3	3	-2	4
12n_580	lower_bound	True	True	True	4	2	2	0	0
12n_581	lower_bound	True	True	True	6	3	3	3	-6
12n_582	complete	True	True	True	4	2	2	0	0
12n_583	complete	True	True	True	4	2	2	1	-2
12n_584	lower_bound	True	False	False	4	3	3	1	-2
12n_585	lower_bound	True	False	False	4	3	3	3	-6
12n_586	lower_bound	True	False	False	4	3	3	0	0
12n_587	lower_bound	True	False	False	4	3	3	0	0
12n_588	lower_bound	True	False	False	4	3	3	0	0
12n_589	lower_bound	True	False	False	4	3	3	2	-4
12n_59	lower_bound	True	False	False	6	4	4	3	-4
12n_590	lower_bound	True	False	False	4	4	4	3	-6
12n_591	lower_bound	True	False	False	4	4	4	4	-6
12n_592	lower_bound	True	False	False	4	4	4	-2	4
12n_593	lower_bound	True	False	False	4	3	3	2	-4
12n_594	lower_bound	True	False	False	4	3	3	3	-4
12n_595	lower_bound	True	False	False	4	3	3	-1	2
12n_596	lower_bound	True	False	False	4	3	3	-1	2
12n_597	lower_bound	True	False	False	4	3	3	1	-2
12n_598	lower_bound	True	False	False	4	3	3	1	-2
12n_599	lower_bound	True	False	False	4	4	4	1	-2
12n_6	lower_bound	True	False	False	6	4	4	2	-4
12n_60	lower_bound	True	False	False	6	4	4	1	-2
12n_600	lower_bound	True	True	True	6	3	3	3	-6
12n_601	lower_bound	True	True	True	6	3	3	1	-2
12n_602	lower_bound	True	True	True	6	3	3	1	-2
12n_603	lower_bound	True	False	False	4	4	4	3	-6
12n_604	lower_bound	True	False	False	6	4	4	-2	4
12n_605	lower_bound	True	False	False	6	4	4	0	0
12n_606	lower_bound	True	False	False	4	3	3	-1	2
12n_607	lower_bound	True	False	False	4	3	3	-1	2
12n_608	lower_bound	True	True	True	4	2	2	0	0
12n_609	lower_bound	True	False	False	4	4	4	2	-4
12n_61	lower_bound	True	False	False	6	4	4	1	-2
12n_610	lower_bound	True	False	False	4	4	4	0	0
12n_611	lower_bound	True	False	False	4	3	3	1	-2
12n_612	lower_bound	True	False	False	4	3	3	1	-2
12n_613	lower_bound	True	False	False	4	4	4	0	0
12n_614	lower_bound	True	False	False	4	3	3	0	0
12n_615	lower_bound	True	False	False	4	4	4	1	-2
12n_616	lower_bound	True	False	False	4	3	3	0	0
12n_617	lower_bound	True	False	False	4	3	3	-2	4
12n_618	lower_bound	True	False	False	4	4	4	1	-2
12n_619	lower_bound	True	False	False	4	4	4	-2	4
12n_62	lower_bound	True	True	True	6	3	3	0	0
12n_620	lower_bound	True	False	False	4	3	3	1	-2
12n_621	lower_bound	True	False	False	4	3	3	-1	2
12n_622	lower_bound	True	False	False	4	4	4	1	-2
12n_623	lower_bound	True	False	False	4	4	4	2	-4
12n_624	lower_bound	True	False	False	4	4	4	3	-4
12n_625	lower_bound	True	False	False	4	4	4	-1	2
12n_626	lower_bound	True	False	False	4	3	3	-2	4
12n_627	lower_bound	True	False	False	4	4	4	0	0
12n_628	lower_bound	True	False	False	4	3	3	0	0
12n_629	lower_bound	True	False	False	4	3	3	-1	2
12n_63	complete	True	True	True	4	2	3	-1	2
12n_630	lower_bound	True	False	False	4	3	3	0	-2
12n_631	lower_bound	True	False	False	4	3	3	0	0
12n_632	lower_bound	True	False	False	4	4	4	-1	2
12n_633	lower_bound	True	False	False	4	3	3	0	0
12n_634	lower_bound	True	False	False	4	3	3	0	-2
12n_635	lower_bound	True	False	False	4	4	4	0	0
12n_636	lower_bound	True	False	False	4	3	3	0	0
12n_637	lower_bound	True	False	False	4	3	3	1	-2
12n_638	lower_bound	True	False	False	4	3	3	3	-6
12n_639	lower_bound	True	False	False	4	4	4	3	-6
12n_64	lower_bound	True	False	False	6	4	4	2	-4
12n_640	lower_bound	True	False	False	6	4	4	4	-6
12n_641	lower_bound	True	False	False	4	4	4	-2	4
12n_642	complete	True	True	True	4	2	2	-2	2
12n_643	lower_bound	True	False	False	4	3	3	2	-4
12n_644	lower_bound	True	False	False	4	3	3	3	-6
12n_645	lower_bound	True	False	False	4	3	3	-1	2
12n_646	lower_bound	True	False	False	4	4	4	1	-2
12n_647	lower_bound	True	False	False	6	4	4	4	-6
12n_648	lower_bound	True	False	False	4	4	4	3	-6
12n_649	lower_bound	True	False	False	4	4	4	2	-4
12n_65	complete	True	True	True	4	2	2	0	2
12n_650	lower_bound	True	True	True	4	2	2	0	0
12n_651	lower_bound	True	False	False	4	3	3	1	-2
12n_652	lower_bound	True	False	False	4	4	4	1	-2
12n_653	lower_bound	True	False	False	4	4	4	3	-6
12n_654	lower_bound	True	False	False	4	3	3	2	-4
12n_655	lower_bound	True	False	False	4	3	3	3	-6
12n_656	lower_bound	True	False	False	4	3	3	-1	2
12n_657	lower_bound	True	False	False	4	4	4	0	0
12n_658	lower_bound	True	False	False	4	4	4	2	-4
12n_659	lower_bound	True	False	False	4	3	3	2	-4
12n_66	lower_bound	True	True	True	6	3	3	0	0
12n_660	lower_bound	True	False	False	4	3	3	-3	4
12n_661	lower_bound	True	False	False	4	3	3	2	-4
12n_662	lower_bound	True	False	False	4	3	3	1	-2
12n_663	lower_bound	True	False	False	4	4	4	1	-2
12n_664	lower_bound	True	False	False	4	4	4	0	0
12n_665	lower_bound	True	True	True	4	2	3	-1	2
12n_666	lower_bound	True	False	False	6	4	4	2	-4
12n_667	lower_bound	True	False	False	4	3	3	1	-2
12n_668	lower_bound	True	False	False	4	4	4	2	-4
12n_669	lower_bound	True	False	False	4	3	3	1	-2
12n_67	lower_bound	True	False	False	6	4	4	-3	6
12n_670	lower_bound	True	False	False	6	4	4	0	0
12n_671	lower_bound	True	False	False	6	4	4	3	-6
12n_672	lower_bound	True	False	False	4	3	3	-1	2
12n_673	lower_bound	True	False	False	6	4	4	-1	0
12n_674	lower_bound	True	False	False	6	4	4	3	-6
12n_675	lower_bound	True	False	False	6	4	4	0	0
12n_676	lower_bound	True	True	True	6	3	3	0	0
12n_677	lower_bound	True	True	True	6	3	3	2	-4
12n_678	lower_bound	True	True	True	6	3	3	1	-2
12n_679	lower_bound	True	False	False	6	5	5	5	-8
12n_68	lower_bound	True	False	False	4	4	4	3	-6
12n_680	lower_bound	True	False	False	6	4	4	4	-6
12n_681	lower_bound	True	False	False	6	4	4	0	0
12n_682	lower_bound	True	False	False	6	4	4	3	-6
12n_683	lower_bound	True	False	False	6	4	4	-2	4
12n_684	lower_bound	True	False	False	6	4	4	-2	4
12n_685	lower_bound	True	False	False	4	3	3	-1	2
12n_686	lower_bound	True	False	False	4	4	4	2	-4
12n_687	lower_bound	True	False	False	4	3	3	-1	2
12n_688	lower_bound	True	False	False	6	5	5	5	-8
12n_689	lower_bound	True	False	False	6	4	4	4	-6
12n_69	lower_bound	True	True	True	6	3	3	0	0
12n_690	lower_bound	True	False	False	4	3	3	0	0
12n_691	lower_bound	True	False	False	4	4	4	4	-6
12n_692	lower_bound	True	False	False	4	4	4	4	-6
12n_693	lower_bound	True	False	False	4	4	4	3	-4
12n_694	lower_bound	True	False	False	4	4	4	4	-6
12n_695	lower_bound	True	False	False	4	4	4	0	0
12n_696	lower_bound	True	False	False	4	4	4	3	-4
12n_697	lower_bound	True	False	False	4	4	4	2	-4
12n_698	lower_bound	True	False	False	4	3	3	-2	4
12n_699	lower_bound	True	True	True	4	2	2	-1	2
12n_7	lower_bound	True	True	True	6	3	3	0	2
12n_70	lower_bound	True	True	True	6	3	3	1	-2
12n_700	lower_bound	True	False	False	4	3	3	-2	4
12n_701	lower_bound	True	True	True	4	2	2	-1	2
12n_702	lower_bound	True	False	False	4	3	3	0	0
12n_703	lower_bound	True	False	False	4	4	4	2	-4
12n_704	lower_bound	True	True	True	4	2	2	0	0
12n_705	lower_bound	True	False	False	4	3	3	0	0
12n_706	lower_bound	True	False	False	4	4	4	0	0
12n_707	lower_bound	True	False	False	6	4	4	-2	4
12n_708	lower_bound	True	False	False	6	4	4	0	0
12n_709	lower_bound	True	False	False	6	4	4	0	0
12n_71	lower_bound	True	False	False	6	4	4	1	-2
12n_710	lower_bound	True	False	False	4	3	3	1	-2
12n_711	lower_bound	True	False	False	4	4	4	0	0
12n_712	lower_bound	True	False	False	4	3	3	-1	2
12n_713	lower_bound	True	False	False	4	3	3	-1	2
12n_714	lower_bound	True	False	False	4	3	3	1	-2
12n_715	lower_bound	True	True	True	4	2	2	0	0
12n_716	lower_bound	True	False	False	4	3	3	1	-2
12n_717	lower_bound	True	False	False	4	3	3	-1	2
12n_718	lower_bound	True	False	False	4	3	3	-1	2
12n_719	lower_bound	True	False	False	4	3	3	1	-2
12n_72	lower_bound	True	True	True	6	3	3	2	-4
12n_720	lower_bound	True	False	False	4	3	3	2	-4
12n_721	lower_bound	True	False	False	6	4	4	0	0
12n_722	lower_bound	True	False	False	6	4	4	3	-6
12n_723	lower_bound	True	True	True	6	3	3	1	-2
12n_724	lower_bound	True	True	True	6	3	3	2	-4
12n_725	lower_bound	True	False	False	6	5	5	5	-8
12n_726	complete	True	True	True	4	2	2	1	-2
12n_727	lower_bound	True	False	False	4	3	3	1	-2
12n_728	lower_bound	True	False	False	4	4	4	1	-2
12n_729	lower_bound	True	False	False	4	3	3	2	-4
12n_73	lower_bound	True	True	True	6	3	3	-1	2
12n_730	lower_bound	True	False	False	4	3	3	1	-2
12n_731	lower_bound	True	False	False	4	3	3	0	0
12n_732	lower_bound	True	False	False	4	3	3	1	-2
12n_733	lower_bound	True	False	False	4	3	3	1	-2
12n_734	lower_bound	True	False	False	4	3	3	2	-4
12n_735	lower_bound	True	True	True	4	2	2	1	-2
12n_736	lower_bound	True	False	False	4	3	3	-1	2
12n_737	lower_bound	True	False	False	4	3	3	0	0
12n_738	lower_bound	True	False	False	4	3	3	2	-4
12n_739	lower_bound	True	False	False	4	4	4	-2	4
12n_74	lower_bound	True	False	False	6	4	4	4	-8
12n_740	lower_bound	True	False	False	4	3	3	0	0
12n_741	lower_bound	True	False	False	4	3	3	-1	2
12n_742	lower_bound	True	False	False	4	3	3	-1	2
12n_743	lower_bound	True	True	True	4	2	2	0	0
12n_744	lower_bound	True	False	False	4	3	3	2	-4
12n_745	lower_bound	True	False	False	4	3	3	0	0
12n_746	lower_bound	True	False	False	4	3	3	-1	2
12n_747	lower_bound	True	False	False	6	4	4	-2	4
12n_748	lower_bound	True	False	False	6	4	4	1	-2
12n_749	lower_bound	True	True	True	6	3	3	2	-2
12n_75	lower_bound	True	True	True	6	3	3	-1	2
12n_750	lower_bound	True	True	True	6	2	3	3	-4
12n_751	lower_bound	True	False	False	6	4	4	0	0
12n_752	lower_bound	True	False	False	4	3	3	1	-2
12n_753	lower_bound	True	False	False	4	3	3	2	-4
12n_754	lower_bound	True	False	False	4	4	4	0	0
12n_755	lower_bound	True	False	False	4	3	3	1	-2
12n_756	lower_bound	True	False	False	4	3	3	1	-2
12n_757	lower_bound	True	False	False	4	3	3	1	-2
12n_758	lower_bound	True	False	False	4	3	3	3	-6
12n_759	lower_bound	True	True	True	4	2	2	1	-2
12n_76	lower_bound	True	True	True	6	3	3	2	-4
12n_760	lower_bound	True	False	False	4	3	3	0	0
12n_761	lower_bound	True	False	False	4	4	4	2	-4
12n_762	lower_bound	True	False	False	4	4	4	2	-4
12n_763	lower_bound	True	False	False	4	3	3	0	0
12n_764	lower_bound	True	False	False	4	3	3	3	-6
12n_765	lower_bound	True	False	False	4	3	3	2	-4
12n_766	lower_bound	True	False	False	4	3	3	2	-4
12n_767	lower_bound	True	False	False	6	4	4	-1	2
12n_768	lower_bound	True	False	False	4	3	3	0	0
12n_769	lower_bound	True	False	False	4	3	3	-1	2
12n_77	lower_bound	True	True	True	6	3	3	3	-6
12n_770	lower_bound	True	False	False	4	3	3	2	-4
12n_771	lower_bound	True	False	False	4	3	3	-1	2
12n_772	lower_bound	True	False	False	4	3	3	1	-2
12n_773	lower_bound	True	False	False	4	3	3	-2	4
12n_774	lower_bound	True	True	True	4	2	2	-1	2
12n_775	lower_bound	True	False	False	4	4	4	1	-2
12n_776	lower_bound	True	False	False	4	4	4	1	-2
12n_777	lower_bound	True	False	False	4	3	3	0	0
12n_778	lower_bound	True	False	False	4	3	3	2	-4
12n_779	lower_bound	True	False	False	4	3	3	1	-2
12n_78	complete	True	True	True	4	2	2	0	0
12n_780	lower_bound	True	False	False	4	3	3	0	0
12n_781	lower_bound	True	False	False	4	4	4	0	0
12n_782	lower_bound	True	False	False	4	3	3	0	0
12n_783	lower_bound	True	False	False	4	3	3	1	-2
12n_784	lower_bound	True	False	False	4	4	4	1	-2
12n_785	lower_bound	True	True	True	4	2	2	-1	2
12n_786	lower_bound	True	False	False	4	3	3	1	-2
12n_787	lower_bound	True	False	False	4	4	4	1	-2
12n_788	lower_bound	True	False	False	4	3	3	0	0
12n_789	lower_bound	True	False	False	4	3	3	0	0
12n_79	complete	True	True	True	4	2	2	1	-2
12n_790	lower_bound	True	False	False	4	4	4	0	0
12n_791	lower_bound	True	False	False	4	4	4	2	-4
12n_792	lower_bound	True	False	False	4	4	4	-1	2
12n_793	lower_bound	True	False	False	4	3	3	2	-4
12n_794	lower_bound	True	False	False	4	3	3	0	0
12n_795	lower_bound	True	True	True	4	2	2	1	-2
12n_796	lower_bound	True	False	False	4	3	3	2	-4
12n_797	lower_bound	True	True	True	4	2	2	1	-2
12n_798	lower_bound	True	False	False	4	3	3	-1	2
12n_799	lower_bound	True	False	False	4	3	3	1	-2
12n_8	lower_bound	True	False	False	6	4	4	2	-4
12n_80	lower_bound	True	True	True	6	3	3	-1	2
12n_800	lower_bound	True	False	False	4	4	4	-1	2
12n_801	lower_bound	True	True	True	4	2	2	2	-2
12n_802	lower_bound	True	False	False	4	4	4	0	0
12n_803	lower_bound	True	False	False	4	4	4	2	-4
12n_804	lower_bound	True	False	False	4	4	4	1	-2
12n_805	lower_bound	True	False	False	4	3	3	0	0
12n_806	lower_bound	True	False	False	4	3	3	3	-6
12n_807	lower_bound	True	False	False	4	3	3	2	-4
12n_808	lower_bound	True	True	True	4	2	3	1	-2
12n_809	lower_bound	True	True	True	4	2	2	1	-2
12n_81	lower_bound	True	True	True	6	3	3	2	-4
12n_810	lower_bound	True	False	False	4	3	3	0	-2
12n_811	lower_bound	True	False	False	4	3	3	1	-2
12n_812	lower_bound	True	True	True	4	2	3	0	0
12n_813	lower_bound	True	False	False	4	3	3	0	0
12n_814	lower_bound	True	True	True	4	2	2	1	-2
12n_815	lower_bound	True	True	True	4	2	2	0	-2
12n_816	lower_bound	True	False	False	4	3	3	0	0
12n_817	lower_bound	True	False	False	4	3	3	0	0
12n_818	lower_bound	True	False	False	4	3	3	1	-2
12n_819	lower_bound	True	False	False	4	3	3	1	-2
12n_82	lower_bound	True	True	True	6	3	3	-1	2
12n_820	lower_bound	True	False	False	6	4	4	-3	6
12n_821	lower_bound	True	False	False	6	4	4	-1	2
12n_822	lower_bound	True	False	False	6	4	4	1	-2
12n_823	lower_bound	True	False	False	4	3	3	-2	4
12n_824	lower_bound	True	False	False	4	3	3	0	0
12n_825	lower_bound	True	False	False	4	3	3	0	0
12n_826	lower_bound	True	False	False	4	3	3	1	-2
12n_827	lower_bound	True	False	False	4	4	4	1	-2
12n_828	lower_bound	True	False	False	4	3	3	0	0
12n_829	lower_bound	True	False	False	6	4	4	-1	2
12n_83	lower_bound	True	True	True	6	3	3	2	-4
12n_830	lower_bound	True	True	True	6	2	3	3	-4
12n_831	lower_bound	True	False	False	6	4	4	1	-2
12n_832	lower_bound	True	False	False	4	3	3	-2	4
12n_833	lower_bound	True	False	False	4	3	3	-1	2
12n_834	lower_bound	True	False	False	4	3	3	2	-4
12n_835	lower_bound	True	False	False	4	3	3	0	0
12n_836	lower_bound	True	False	False	4	3	3	2	-4
12n_837	lower_bound	True	False	False	4	4	4	0	0
12n_838	lower_bound	True	True	True	4	2	2	0	0
12n_839	lower_bound	True	False	False	4	4	4	-2	4
12n_84	lower_bound	True	True	True	6	3	3	1	-2
12n_840	lower_bound	True	False	False	4	4	4	-1	2
12n_841	lower_bound	True	False	False	4	3	3	0	0
12n_842	lower_bound	True	False	False	4	4	4	0	0
12n_843	lower_bound	True	False	False	4	3	3	1	-2
12n_845	lower_bound	True	False	False	4	3	3	1	-2
12n_846	lower_bound	True	True	True	4	2	2	0	0
12n_847	lower_bound	True	False	False	4	3	3	1	-2
12n_848	lower_bound	True	False	False	4	4	4	2	-4
12n_849	lower_bound	True	False	False	4	3	3	2	-4
12n_85	lower_bound	True	True	True	6	3	3	0	0
12n_850	lower_bound	True	False	False	6	4	4	4	-6
12n_851	lower_bound	True	False	False	4	3	3	3	-4
12n_852	lower_bound	True	False	False	4	4	4	0	0
12n_853	lower_bound	True	False	False	4	3	3	0	0
12n_854	lower_bound	True	False	False	4	3	3	1	-2
12n_855	lower_bound	True	False	False	4	3	3	0	0
12n_856	lower_bound	True	True	True	4	2	2	-1	2
12n_857	lower_bound	True	False	False	4	4	4	-1	2
12n_858	lower_bound	True	False	False	4	3	3	-1	2
12n_859	lower_bound	True	False	False	4	4	4	0	0
12n_86	lower_bound	True	True	True	6	3	3	1	-2
12n_860	lower_bound	True	False	False	4	3	3	-1	2
12n_861	lower_bound	True	False	False	4	3	3	1	-2
12n_862	lower_bound	True	False	False	4	3	3	1	-2
12n_863	lower_bound	True	False	False	4	3	3	2	-4
12n_864	lower_bound	True	False	False	4	4	4	1	-2
12n_865	lower_bound	True	False	False	4	4	4	-1	2
12n_866	lower_bound	True	False	False	4	4	4	0	0
12n_867	lower_bound	True	False	False	4	3	3	-2	4
12n_868	lower_bound	True	True	True	4	2	2	0	0
12n_869	lower_bound	True	False	False	4	3	3	1	-2
12n_87	complete	True	True	True	4	2	3	0	0
12n_870	lower_bound	True	False	False	4	3	3	0	0
12n_871	lower_bound	True	False	False	4	3	3	1	-2
12n_872	lower_bound	True	False	False	4	4	4	-1	2
12n_873	lower_bound	True	False	False	4	4	4	0	0
12n_874	lower_bound	True	False	False	4	4	4	1	-2
12n_875	lower_bound	True	False	False	4	4	4	1	-2
12n_876	lower_bound	True	False	False	4	3	3	0	0
12n_877	lower_bound	True	False	False	4	4	4	-1	2
12n_878	lower_bound	True	False	False	4	3	3	1	-2
12n_879	lower_bound	True	False	False	4	4	4	-1	2
12n_88	lower_bound	True	True	True	6	3	3	3	-6
12n_880	lower_bound	True	False	False	4	3	3	0	0
12n_881	lower_bound	True	True	True	4	2	2	2	-4
12n_882	lower_bound	True	False	False	6	4	4	-3	6
12n_883	lower_bound	True	False	False	4	3	3	1	-2
12n_884	lower_bound	True	True	True	4	2	2	0	0
12n_885	lower_bound	True	False	False	4	3	3	0	0
12n_886	lower_bound	True	False	False	4	3	3	1	-2
12n_887	lower_bound	True	False	False	6	4	4	2	-4
12n_888	lower_bound	True	False	False	6	5	5	5	-8
12n_89	lower_bound	True	False	False	6	4	4	3	-6
12n_9	lower_bound	True	True	True	6	3	3	-1	2
12n_90	lower_bound	True	False	False	6	4	4	-2	4
12n_91	lower_bound	True	False	False	6	4	4	4	-6
12n_92	lower_bound	True	False	False	6	4	4	0	0
12n_93	lower_bound	True	False	False	6	4	4	3	-6
12n_94	lower_bound	True	True	True	6	3	3	2	-4
12n_95	lower_bound	True	True	True	6	3	3	-1	2
12n_96	lower_bound	True	True	True	6	3	3	3	-6
12n_97	lower_bound	True	True	True	6	3	3	0	0
12n_98	lower_bound	True	False	False	4	4	4	2	-4
12n_99	lower_bound	True	False	False	4	3	3	1	-2
3_1	complete	True	True	True	2	1	1	1	-2
4_1	complete	True	True	True	2	1	1	0	0
5_1	complete	True	True	True	4	2	2	2	-4
5_2	complete	True	True	True	2	1	1	1	-2
6_1	complete	True	True	True	2	1	1	0	0
6_2	complete	True	True	True	4	2	2	1	-2
6_3	complete	True	True	True	4	2	2	0	0
7_1	lower_bound	True	True	True	6	3	3	3	-6
7_2	complete	True	True	True	2	1	1	1	-2
7_3	complete	True	True	True	4	2	2	2	-4
7_4	complete	True	True	True	2	1	1	1	-2
7_5	complete	True	True	True	4	2	2	2	-4
7_6	complete	True	True	True	4	2	2	1	-2
7_7	complete	True	True	True	4	2	2	0	0
8_1	complete	True	True	True	2	1	1	0	0
8_10	lower_bound	True	True	True	6	3	3	-1	2
8_11	complete	True	True	True	4	2	2	1	-2
8_12	complete	True	True	True	4	2	2	0	0
8_13	complete	True	True	True	4	2	2	0	0
8_14	complete	True	True	True	4	2	2	1	-2
8_15	complete	True	True	True	4	2	2	2	-4
8_16	lower_bound	True	True	True	6	3	3	-1	2
8_17	lower_bound	True	True	True	6	3	3	0	0
8_18	lower_bound	True	True	True	6	3	3	0	0
8_19	lower_bound	True	True	True	6	3	3	3	-6
8_2	lower_bound	True	True	True	6	3	3	2	-4
8_20	complete	True	True	True	4	2	2	0	0
8_21	complete	True	True	True	4	2	2	1	-2
8_3	complete	True	True	True	2	1	1	0	0
8_4	complete	True	True	True	4	2	2	-1	2
8_5	lower_bound	True	True	True	6	3	3	2	-4
8_6	complete	True	True	True	4	2	2	1	-2
8_7	lower_bound	True	True	True	6	3	3	-1	2
8_8	complete	True	True	True	4	2	2	0	0
8_9	lower_bound	True	True	True	6	3	3	0	0
9_1	lower_bound	True	False	False	6	4	4	4	-8
9_10	complete	True	True	True	4	2	2	2	-4
9_11	lower_bound	True	True	True	6	3	3	-2	4
9_12	complete	True	True	True	4	2	2	1	-2
9_13	complete	True	True	True	4	2	2	2	-4
9_14	complete	True	True	True	4	2	2	0	0
9_15	complete	True	True	True	4	2	2	-1	2
9_16	lower_bound	True	True	True	6	3	3	3	-6
9_17	lower_bound	True	True	True	6	3	3	1	-2
9_18	complete	True	True	True	4	2	2	2	-4
9_19	complete	True	True	True	4	2	2	0	0
9_2	complete	True	True	True	2	1	1	1	-2
9_20	lower_bound	True	True	True	6	3	3	2	-4
9_21	complete	True	True	True	4	2	2	-1	2
9_22	lower_bound	True	True	True	6	3	3	1	-2
9_23	complete	True	True	True	4	2	2	2	-4
9_24	lower_bound	True	True	True	6	3	3	0	0
9_25	complete	True	True	True	4	2	2	1	-2
9_26	lower_bound	True	True	True	6	3	3	-1	2
9_27	lower_bound	True	True	True	6	3	3	0	0
9_28	lower_bound	True	True	True	6	3	3	1	-2
9_29	lower_bound	True	False	False	5	3	3	-1	2
9_3	lower_bound	True	True	True	6	3	3	3	-6
9_30	lower_bound	True	True	True	6	3	3	0	0
9_31	lower_bound	True	True	True	6	3	3	1	-2
9_32	lower_bound	True	False	False	5	3	3	-1	2
9_33	lower_bound	True	False	False	5	3	3	0	0
9_34	lower_bound	True	False	False	5	3	3	0	0
9_35	complete	True	True	True	2	1	1	1	-2
9_36	lower_bound	True	True	True	6	3	3	-2	4
9_37	complete	True	True	True	4	2	2	0	0
9_38	complete	True	True	True	4	2	2	2	-4
9_39	lower_bound	True	True	True	4	2	2	-1	2
9_4	complete	True	True	True	4	2	2	2	-4
9_40	lower_bound	True	False	False	5	3	3	1	-2
9_41	lower_bound	True	True	True	4	2	2	0	0
9_42	complete	True	True	True	4	2	2	0	2
9_43	lower_bound	True	True	True	6	3	3	2	-4
9_44	complete	True	True	True	4	2	2	0	0
9_45	complete	True	True	True	4	2	2	-1	2
9_46	complete	True	True	True	2	1	1	0	0
9_47	lower_bound	True	False	False	5	3	3	1	-2
9_48	complete	True	True	True	4	2	2	-1	2
9_49	complete	True	True	True	4	2	2	2	-4
9_5	complete	True	True	True	2	1	1	1	-2
9_6	lower_bound	True	True	True	6	3	3	3	-6
9_7	complete	True	True	True	4	2	2	2	-4
9_8	complete	True	True	True	4	2	2	1	-2
9_9	lower_bound	True	True	True	6	3	3	3	-6
